category,glyph name,composition,code point,(char.),(character name),(compatible glyph name)
component,dieresis-cans,,,,,dieresisCans
component,ringAbove-cans,,,,,ringAboveCans
component,dotAbove-cans,,,,,dotAboveCans
component,crossbarAbove-cans,,,,,crossbarAboveCans
component,colon-cans,,,,,colonCans
punctuation,fullStop-cans,subCross-cans,0x166E,·ôÆ,CANADIAN SYLLABICS FULL STOP,fullStopCans
punctuation,doubleDash-cans,,0x1400,·êÄ,CANADIAN SYLLABICS HYPHEN,doubleDashCans
final,supLatinL-cans,,0x18F3,·£≥,CANADIAN SYLLABICS BEAVER DENE L,supLatinLCans
final,supLatinR-cans,,0x18F4,·£¥,CANADIAN SYLLABICS BEAVER DENE R,supLatinRCans
final,supCross-cans,,0x157D,·ïΩ,CANADIAN SYLLABICS HK,supCrossCans
final,subCross-cans,,0x1541,·ïÅ,CANADIAN SYLLABICS SAYISI YI,subCrossCans
final,supL-cans,,0x14EB,·ì´,CANADIAN SYLLABICS WEST-CREE L,supLCans
final,supR-cans,,0x1551,·ïë,CANADIAN SYLLABICS WEST-CREE R,supRCans
final,ring-cans,,0x1424,·ê§,CANADIAN SYLLABICS FINAL RING,ringCans
final,supRing-cans,,0x18DE,·£û,CANADIAN SYLLABICS FINAL SMALL RING,supRingCans
final,dot-cans,,0x1427,·êß,CANADIAN SYLLABICS FINAL MIDDLE DOT,dotCans
final,supDot-cans,,0x18DF,·£ü,CANADIAN SYLLABICS FINAL RAISED DOT,supDotCans
final,supDoubleDash-cans,,0x167F,·ôø,CANADIAN SYLLABICS BLACKFOOT W,supDoubleDashCans
final,supPipe-cans,,0x144A,·ëä,CANADIAN SYLLABICS WEST-CREE P,supPipeCans
final,supDoublePipe-cans,"supPipe-cans, supPipe-cans",0x1426,·ê¶,CANADIAN SYLLABICS FINAL DOUBLE SHORT VERTICAL STROKES,supDoublePipeCans
final,supAcute-cans,,0x141F,·êü,CANADIAN SYLLABICS FINAL ACUTE,supAcuteCans
final,supDoubleAcute-cans,"supAcute-cans, supAcute-cans",0x1425,·ê•,CANADIAN SYLLABICS FINAL DOUBLE ACUTE,supDoubleAcuteCans
final,supGrave-cans,,0x1420,·ê†,CANADIAN SYLLABICS FINAL GRAVE,supGraveCans
final,supDash-cans,,0x1428,·ê®,CANADIAN SYLLABICS FINAL SHORT HORIZONTAL STROKE,supDashCans
final,supDoubleDashWithPipe-cans,,0x167E,·ôæ,CANADIAN SYLLABICS WOODS-CREE FINAL TH,supDoubleDashWithPipeCans
final,supLeftHalfRing-cans,,0x14BC,·íº,CANADIAN SYLLABICS WEST-CREE M,supLeftHalfRingCans
final,supRightHalfRing-cans,,0x1423,·ê£,CANADIAN SYLLABICS FINAL RIGHT HALF RING,supRightHalfRingCans
final,supTopHalfRing-cans,,0x1422,·ê¢,CANADIAN SYLLABICS FINAL TOP HALF RING,supTopHalfRingCans
final,supBottomHalfRing-cans,,0x1421,·ê°,CANADIAN SYLLABICS FINAL BOTTOM HALF RING,supBottomHalfRingCans
final,supPlus-cans,,0x1429,·ê©,CANADIAN SYLLABICS FINAL PLUS,supPlusCans
final,midPlus-cans,,0x1540,·ïÄ,CANADIAN SYLLABICS WEST-CREE Y,midPlusCans
final,supDownTack-cans,,0x142A,·ê™,CANADIAN SYLLABICS FINAL DOWN TACK,supDownTackCans
final,supAi-cans,,0x141C,·êú,CANADIAN SYLLABICS AI,supAiCans
final,supY-cans,,0x153F,·îø,CANADIAN SYLLABICS BIBLE-CREE Y,supYCans
final,subRing-cans,,,,,subRingCans
final,midLatinH-cans,,0x144B,·ëã,CANADIAN SYLLABICS CARRIER H,midLatinHCans
final,midLatinS-cans,,0x1506,·îÜ,CANADIAN SYLLABICS ATHAPASCAN S,midLatinSCans
final,midLatinSWithFlatTerminals-cans,,0x18F5,·£µ,CANADIAN SYLLABICS CARRIER DENTAL S,midLatinSWithFlatTerminalsCans
final,midLatinSWithStroke-cans,,0x165A,·ôö,CANADIAN SYLLABICS CARRIER SH,midLatinSWithStrokeCans
final,midLatinZ-cans,,0x1646,·ôÜ,CANADIAN SYLLABICS CARRIER Z,midLatinZCans
final,midLatinZWithStroke-cans,,0x1647,·ôá,CANADIAN SYLLABICS CARRIER INITIAL Z,midLatinZWithStrokeCans
final,midLatinTurnedH-cans,,0x1DA3,·∂£,MODIFIER LETTER SMALL TURNED H,midLatinTurnedHCans
final,dot_supRing-cans,"dot-cans, supRing-cans",0x141D,·êù,CANADIAN SYLLABICS Y-CREE W,dotCans_supRingCans
final,supDoubleAsterisk-cans,,0x156F,·ïØ,CANADIAN SYLLABICS TTH,supDoubleAsteriskCans
final,supI-cans,,0x141E,·êû,CANADIAN SYLLABICS GLOTTAL STOP,supICans
final,supDotI-cans,,0x18DC,·£ú,CANADIAN SYLLABICS EASTERN W,supDotICans
final,supIDot-cans,,0x18DD,·£ù,CANADIAN SYLLABICS WESTERN W,supIDotCans
final,supPi-cans,,0x18D4,·£î,CANADIAN SYLLABICS OJIBWAY P,supPiCans
final,supPa-cans,,0x1449,·ëâ,CANADIAN SYLLABICS P,supPaCans
final,supFa-cans,,0x155D,·ïù,CANADIAN SYLLABICS F,supFaCans
final,supTha-cans,,0x156A,·ï™,CANADIAN SYLLABICS TH,supThaCans
final,supKi-cans,,0x18D6,·£ñ,CANADIAN SYLLABICS OJIBWAY K,supKiCans
final,supKo-cans,,0x1484,·íÑ,CANADIAN SYLLABICS KW,supKoCans
final,supKa-cans,,0x1483,·íÉ,CANADIAN SYLLABICS K,supKaCans
final,supNi-cans,,0x18D9,·£ô,CANADIAN SYLLABICS OJIBWAY N,supNiCans
final,supNo-cans,,0x14D2,·ìí,CANADIAN SYLLABICS NH,supNoCans
final,supNa-cans,,0x14D0,·ìê,CANADIAN SYLLABICS N,supNaCans
final,supNaTha-cans,,0x159F,·ñü,CANADIAN SYLLABICS WOODS-CREE TH,supNaThaCans
final,supKaHa-cans,,0x157B,·ïª,CANADIAN SYLLABICS NUNAVIK H,supKaHaCans
final,supRa-cans,,0x1550,·ïê,CANADIAN SYLLABICS R,supRaCans
final,supRa_supKa-cans,"supRa-cans, supKa-cans",0x1585,·ñÖ,CANADIAN SYLLABICS Q,supRaCans_supKaCans
final,supNaCa-cans,,0x1595,·ñï,CANADIAN SYLLABICS NG,supNaCaCans
final,supNaNaCa-cans,,0x1596,·ññ,CANADIAN SYLLABICS NNG,supNaNaCaCans
final,supNaKa-cans,,,,,supNaKaCans
final,supNaNaKa-cans,,,,,supNaNaKaCans
final,supNaKa_supNaKa-cans,"supNaKa-cans, supNaKa-cans",,,,supNaKaCans_supNaKaCans
final,supLa-cans,,0x14EA,·ì™,CANADIAN SYLLABICS L,supLaCans
final,supCi-cans,,0x18D7,·£ó,CANADIAN SYLLABICS OJIBWAY C,supCiCans
final,supCa-cans,,0x14A1,·í°,CANADIAN SYLLABICS C,supCaCans
final,supLha-cans,,0x15A6,·ñ¶,CANADIAN SYLLABICS LH,supLhaCans
final,supMi-cans,,0x18D8,·£ò,CANADIAN SYLLABICS OJIBWAY M,supMiCans
final,supMo-cans,,0x14BD,·íΩ,CANADIAN SYLLABICS MH,supMoCans
final,supMa-cans,,0x14BB,·íª,CANADIAN SYLLABICS M,supMaCans
final,supSi-cans,,0x18DA,·£ö,CANADIAN SYLLABICS OJIBWAY S,supSiCans
final,supSo-cans,,0x1507,·îá,CANADIAN SYLLABICS SW,supSoCans
final,supSa-cans,,0x1505,·îÖ,CANADIAN SYLLABICS S,supSaCans
final,supSoKa-cans,,0x150A,·îä,CANADIAN SYLLABICS NASKAPI SKW,supSoKaCans
final,supSaKo-cans,,0x1509,·îâ,CANADIAN SYLLABICS MOOSE-CREE SK,supSaKoCans
final,supSaWithDots-cans,,0x150B,·îã,CANADIAN SYLLABICS NASKAPI S-W,supSaWithDotsCans
final,supYa-cans,,0x153E,·îæ,CANADIAN SYLLABICS Y,supYaCans
final,supYaTha-cans,,0x15AE,·ñÆ,CANADIAN SYLLABICS TH-CREE TH,supYaThaCans
final,supShi-cans,,0x18DB,·£õ,CANADIAN SYLLABICS OJIBWAY SH,supShiCans
final,supSha-cans,,0x1525,·î•,CANADIAN SYLLABICS SH,supShaCans
final,supBlackfootS-cans,,0x1508,·îà,CANADIAN SYLLABICS BLACKFOOT S,supBlackfootSCans
final,supSayisiM-cans,,0x14BE,·íæ,CANADIAN SYLLABICS ATHAPASCAN M,supSayisiMCans
final,subSayisiTh-cans,,0x14A2,·í¢,CANADIAN SYLLABICS SAYISI TH,subSayisiThCans
final,midCarrierNg-cans,,0x14D1,·ìë,CANADIAN SYLLABICS CARRIER NG,midCarrierNgCans
final,midCarrierP-cans,,0x15EE,·óÆ,CANADIAN SYLLABICS CARRIER P,midCarrierPCans
final,midCarrierKk-cans,,0x1601,·òÅ,CANADIAN SYLLABICS CARRIER KK,midCarrierKkCans
final,midDoublePipe-cans,,,,,midDoublePipeCans
final,midDoubleAcute-cans,,,,,midDoubleAcuteCans
final,midDownTack-cans,,,,,midDownTackCans
final,midAcute-cans,,,,,midAcuteCans
final,midGrave-cans,,,,,midGraveCans
final,midRightHalfRing-cans,,,,,midRightHalfRingCans
final,midLeftHalfRing-cans,,,,,midLeftHalfRingCans
final,midPipe-cans,,,,,midPipeCans
final,midCarrierLh-cans,,,,,midCarrierLhCans
syllabic,latinB-cans,,0x15AF,·ñØ,CANADIAN SYLLABICS AIVILIK B,latinBCans
syllabic,latinCapH-cans,,0x157C,·ïº,CANADIAN SYLLABICS NUNAVUT H,latinCapHCans
syllabic,cross-cans,,0x166D,·ô≠,CANADIAN SYLLABICS CHI SIGN,crossCans
syllabic,l-cans,,0x14EC,·ì¨,CANADIAN SYLLABICS MEDIAL L,lCans
syllabic,r-cans,,0x1552,·ïí,CANADIAN SYLLABICS MEDIAL R,rCans
syllabic,e-cans,,0x1401,·êÅ,CANADIAN SYLLABICS E,eCans
syllabic,i-cans,,0x1403,·êÉ,CANADIAN SYLLABICS I,iCans
syllabic,o-cans,,0x1405,·êÖ,CANADIAN SYLLABICS O,oCans
syllabic,a-cans,,0x140A,·êä,CANADIAN SYLLABICS A,aCans
syllabic,dot_e-cans,"dot-cans, e-cans",0x140C,·êå,CANADIAN SYLLABICS WE,dotCans_eCans
syllabic,e_dot-cans,"e-cans, dot-cans",0x140D,·êç,CANADIAN SYLLABICS WEST-CREE WE,eCans_dotCans
syllabic,e_supGrave-cans,"e-cans, supGrave-cans",0x142B,·ê´,CANADIAN SYLLABICS EN,eCans_supGraveCans
syllabic,i_dotAbove-cans,"i-cans, dotAbove-cans",0x1404,·êÑ,CANADIAN SYLLABICS II,iCans_dotAboveCans
syllabic,i_ringAbove-cans,"i-cans, ringAbove-cans",0x1402,·êÇ,CANADIAN SYLLABICS AAI,iCans_ringAboveCans
syllabic,dot_i-cans,"dot-cans, i-cans",0x140E,·êé,CANADIAN SYLLABICS WI,dotCans_iCans
syllabic,dot_i_dotAbove-cans,"dot-cans, i-cans, dotAbove-cans",0x1410,·êê,CANADIAN SYLLABICS WII,dotCans_iCans_dotAboveCans
syllabic,i_dot-cans,"i-cans, dot-cans",0x140F,·êè,CANADIAN SYLLABICS WEST-CREE WI,iCans_dotCans
syllabic,i_dotAbove_dot-cans,"i-cans, dotAbove-cans, dot-cans",0x1411,·êë,CANADIAN SYLLABICS WEST-CREE WII,iCans_dotAboveCans_dotCans
syllabic,i_supGrave-cans,"i-cans, supGrave-cans",0x142C,·ê¨,CANADIAN SYLLABICS IN,iCans_supGraveCans
syllabic,o_dotAbove-cans,"o-cans, dotAbove-cans",0x1406,·êÜ,CANADIAN SYLLABICS OO,oCans_dotAboveCans
syllabic,o_ringAbove-cans,"o-cans, ringAbove-cans",0x18B0,·¢∞,CANADIAN SYLLABICS OY,oCans_ringAboveCans
syllabic,o_dieresis-cans,"o-cans, dieresis-cans",0x1407,·êá,CANADIAN SYLLABICS Y-CREE OO,oCans_dieresisCans
syllabic,dot_o-cans,"dot-cans, o-cans",0x1412,·êí,CANADIAN SYLLABICS WO,dotCans_oCans
syllabic,dot_o_dotAbove-cans,"dot-cans, o-cans, dotAbove-cans",0x1414,·êî,CANADIAN SYLLABICS WOO,dotCans_oCans_dotAboveCans
syllabic,o_dot-cans,"o-cans, dot-cans",0x1413,·êì,CANADIAN SYLLABICS WEST-CREE WO,oCans_dotCans
syllabic,o_dotAbove_dot-cans,"o-cans, dotAbove-cans, dot-cans",0x1415,·êï,CANADIAN SYLLABICS WEST-CREE WOO,oCans_dotAboveCans_dotCans
syllabic,o_supGrave-cans,"o-cans, supGrave-cans",0x142D,·ê≠,CANADIAN SYLLABICS ON,oCans_supGraveCans
syllabic,a_dotAbove-cans,"a-cans, dotAbove-cans",0x140B,·êã,CANADIAN SYLLABICS AA,aCans_dotAboveCans
syllabic,a_ringAbove-cans,"a-cans, ringAbove-cans",0x18B1,·¢±,CANADIAN SYLLABICS AY,aCans_ringAboveCans
syllabic,a_ringAbove_dotAbove-cans,"a-cans, ringAbove-cans, dotAbove-cans",0x18B2,·¢≤,CANADIAN SYLLABICS AAY,aCans_ringAboveCans_dotAboveCans
syllabic,dot_a-cans,"dot-cans, a-cans",0x1417,·êó,CANADIAN SYLLABICS WA,dotCans_aCans
syllabic,dot_a_dotAbove-cans,"dot-cans, a-cans, dotAbove-cans",0x1419,·êô,CANADIAN SYLLABICS WAA,dotCans_aCans_dotAboveCans
syllabic,dot_a_ringAbove-cans,"dot-cans, a-cans, ringAbove-cans",0x18B3,·¢≥,CANADIAN SYLLABICS WAY,dotCans_aCans_ringAboveCans
syllabic,a_dot-cans,"a-cans, dot-cans",0x1418,·êò,CANADIAN SYLLABICS WEST-CREE WA,aCans_dotCans
syllabic,a_dotAbove_dot-cans,"a-cans, dotAbove-cans, dot-cans",0x141A,·êö,CANADIAN SYLLABICS WEST-CREE WAA,aCans_dotAboveCans_dotCans
syllabic,a_supGrave-cans,"a-cans, supGrave-cans",0x142E,·êÆ,CANADIAN SYLLABICS AN,aCans_supGraveCans
syllabic,oWithDiagonalDieresis-cans,,0x1416,·êñ,CANADIAN SYLLABICS NASKAPI WOO,oWithDiagonalDieresisCans
syllabic,aWithDiagonalDieresis-cans,,0x141B,·êõ,CANADIAN SYLLABICS NASKAPI WAA,aWithDiagonalDieresisCans
syllabic,pe-cans,,0x142F,·êØ,CANADIAN SYLLABICS PE,peCans
syllabic,pi-cans,,0x1431,·ê±,CANADIAN SYLLABICS PI,piCans
syllabic,po-cans,,0x1433,·ê≥,CANADIAN SYLLABICS PO,poCans
syllabic,pa-cans,,0x1438,·ê∏,CANADIAN SYLLABICS PA,paCans
syllabic,pi_ringAbove-cans,"pi-cans, ringAbove-cans",0x1430,·ê∞,CANADIAN SYLLABICS PAAI,piCans_ringAboveCans
syllabic,pi_dotAbove-cans,"pi-cans, dotAbove-cans",0x1432,·ê≤,CANADIAN SYLLABICS PII,piCans_dotAboveCans
syllabic,po_dotAbove-cans,"po-cans, dotAbove-cans",0x1434,·ê¥,CANADIAN SYLLABICS POO,poCans_dotAboveCans
syllabic,pa_dotAbove-cans,"pa-cans, dotAbove-cans",0x1439,·êπ,CANADIAN SYLLABICS PAA,paCans_dotAboveCans
syllabic,dot_pe-cans,"dot-cans, pe-cans",0x143A,·ê∫,CANADIAN SYLLABICS PWE,dotCans_peCans
syllabic,pe_dot-cans,"pe-cans, dot-cans",0x143B,·êª,CANADIAN SYLLABICS WEST-CREE PWE,peCans_dotCans
syllabic,dot_pi-cans,"dot-cans, pi-cans",0x143C,·êº,CANADIAN SYLLABICS PWI,dotCans_piCans
syllabic,pi_dot-cans,"pi-cans, dot-cans",0x143D,·êΩ,CANADIAN SYLLABICS WEST-CREE PWI,piCans_dotCans
syllabic,dot_pi_dotAbove-cans,"dot-cans, pi-cans, dotAbove-cans",0x143E,·êæ,CANADIAN SYLLABICS PWII,dotCans_piCans_dotAboveCans
syllabic,pi_dotAbove_dot-cans,"pi-cans, dotAbove-cans, dot-cans",0x143F,·êø,CANADIAN SYLLABICS WEST-CREE PWII,piCans_dotAboveCans_dotCans
syllabic,dot_po-cans,"dot-cans, po-cans",0x1440,·ëÄ,CANADIAN SYLLABICS PWO,dotCans_poCans
syllabic,po_dot-cans,"po-cans, dot-cans",0x1441,·ëÅ,CANADIAN SYLLABICS WEST-CREE PWO,poCans_dotCans
syllabic,dot_po_dotAbove-cans,"dot-cans, po-cans, dotAbove-cans",0x1442,·ëÇ,CANADIAN SYLLABICS PWOO,dotCans_poCans_dotAboveCans
syllabic,po_dotAbove_dot-cans,"po-cans, dotAbove-cans, dot-cans",0x1443,·ëÉ,CANADIAN SYLLABICS WEST-CREE PWOO,poCans_dotAboveCans_dotCans
syllabic,dot_pa-cans,"dot-cans, pa-cans",0x1444,·ëÑ,CANADIAN SYLLABICS PWA,dotCans_paCans
syllabic,pa_dot-cans,"pa-cans, dot-cans",0x1445,·ëÖ,CANADIAN SYLLABICS WEST-CREE PWA,paCans_dotCans
syllabic,dot_pa_dotAbove-cans,"dot-cans, pa-cans, dotAbove-cans",0x1446,·ëÜ,CANADIAN SYLLABICS PWAA,dotCans_paCans_dotAboveCans
syllabic,pa_dotAbove_dot-cans,"pa-cans, dotAbove-cans, dot-cans",0x1447,·ëá,CANADIAN SYLLABICS WEST-CREE PWAA,paCans_dotAboveCans_dotCans
syllabic,po_ringAbove-cans,"po-cans, ringAbove-cans",0x18B4,·¢¥,CANADIAN SYLLABICS POY,poCans_ringAboveCans
syllabic,pa_ringAbove-cans,"pa-cans, ringAbove-cans",0x18B5,·¢µ,CANADIAN SYLLABICS PAY,paCans_ringAboveCans
syllabic,dot_po_ringAbove-cans,"dot-cans, po-cans, ringAbove-cans",0x18B6,·¢∂,CANADIAN SYLLABICS PWOY,dotCans_poCans_ringAboveCans
syllabic,po_dieresis-cans,"po-cans, dieresis-cans",0x1435,·êµ,CANADIAN SYLLABICS Y-CREE POO,poCans_dieresisCans
syllabic,pa_dieresis-cans,"pa-cans, dieresis-cans",0x1448,·ëà,CANADIAN SYLLABICS Y-CREE PWAA,paCans_dieresisCans
syllabic,paWithDiagonalDieresis-cans,,,,,paWithDiagonalDieresisCans
syllabic,fe-cans,,0x1553,·ïì,CANADIAN SYLLABICS FE,feCans
syllabic,fi-cans,,0x1555,·ïï,CANADIAN SYLLABICS FI,fiCans
syllabic,fo-cans,,0x1557,·ïó,CANADIAN SYLLABICS FO,foCans
syllabic,fa-cans,,0x1559,·ïô,CANADIAN SYLLABICS FA,faCans
syllabic,fi_ringAbove-cans,"fi-cans, ringAbove-cans",0x1554,·ïî,CANADIAN SYLLABICS FAAI,fiCans_ringAboveCans
syllabic,fi_dotAbove-cans,"fi-cans, dotAbove-cans",0x1556,·ïñ,CANADIAN SYLLABICS FII,fiCans_dotAboveCans
syllabic,fo_dotAbove-cans,"fo-cans, dotAbove-cans",0x1558,·ïò,CANADIAN SYLLABICS FOO,foCans_dotAboveCans
syllabic,fa_dotAbove-cans,"fa-cans, dotAbove-cans",0x155A,·ïö,CANADIAN SYLLABICS FAA,faCans_dotAboveCans
syllabic,dot_fa_dotAbove-cans,"dot-cans, fa-cans, dotAbove-cans",0x155B,·ïõ,CANADIAN SYLLABICS FWAA,dotCans_faCans_dotAboveCans
syllabic,fa_dotAbove_dot-cans,"fa-cans, dotAbove-cans, dot-cans",0x155C,·ïú,CANADIAN SYLLABICS WEST-CREE FWAA,faCans_dotAboveCans_dotCans
syllabic,te-cans,,0x144C,·ëå,CANADIAN SYLLABICS TE,teCans
syllabic,ti-cans,,0x144E,·ëé,CANADIAN SYLLABICS TI,tiCans
syllabic,to-cans,,0x1450,·ëê,CANADIAN SYLLABICS TO,toCans
syllabic,ta-cans,,0x1455,·ëï,CANADIAN SYLLABICS TA,taCans
syllabic,supTi-cans,,0x18D5,·£ï,CANADIAN SYLLABICS OJIBWAY T,supTiCans
syllabic,supTa-cans,,0x1466,·ë¶,CANADIAN SYLLABICS T,supTaCans
syllabic,ti_ringAbove-cans,"ti-cans, ringAbove-cans",0x144D,·ëç,CANADIAN SYLLABICS TAAI,tiCans_ringAboveCans
syllabic,ti_dotAbove-cans,"ti-cans, dotAbove-cans",0x144F,·ëè,CANADIAN SYLLABICS TII,tiCans_dotAboveCans
syllabic,to_dotAbove-cans,"to-cans, dotAbove-cans",0x1451,·ëë,CANADIAN SYLLABICS TOO,toCans_dotAboveCans
syllabic,ta_dotAbove-cans,"ta-cans, dotAbove-cans",0x1456,·ëñ,CANADIAN SYLLABICS TAA,taCans_dotAboveCans
syllabic,dot_te-cans,"dot-cans, te-cans",0x1457,·ëó,CANADIAN SYLLABICS TWE,dotCans_teCans
syllabic,te_dot-cans,"te-cans, dot-cans",0x1458,·ëò,CANADIAN SYLLABICS WEST-CREE TWE,teCans_dotCans
syllabic,dot_ti-cans,"dot-cans, ti-cans",0x1459,·ëô,CANADIAN SYLLABICS TWI,dotCans_tiCans
syllabic,ti_dot-cans,"ti-cans, dot-cans",0x145A,·ëö,CANADIAN SYLLABICS WEST-CREE TWI,tiCans_dotCans
syllabic,dot_ti_dotAbove-cans,"dot-cans, ti-cans, dotAbove-cans",0x145B,·ëõ,CANADIAN SYLLABICS TWII,dotCans_tiCans_dotAboveCans
syllabic,ti_dotAbove_dot-cans,"ti-cans, dotAbove-cans, dot-cans",0x145C,·ëú,CANADIAN SYLLABICS WEST-CREE TWII,tiCans_dotAboveCans_dotCans
syllabic,dot_to-cans,"dot-cans, to-cans",0x145D,·ëù,CANADIAN SYLLABICS TWO,dotCans_toCans
syllabic,to_dot-cans,"to-cans, dot-cans",0x145E,·ëû,CANADIAN SYLLABICS WEST-CREE TWO,toCans_dotCans
syllabic,dot_to_dotAbove-cans,"dot-cans, to-cans, dotAbove-cans",0x145F,·ëü,CANADIAN SYLLABICS TWOO,dotCans_toCans_dotAboveCans
syllabic,to_dotAbove_dot-cans,"to-cans, dotAbove-cans, dot-cans",0x1460,·ë†,CANADIAN SYLLABICS WEST-CREE TWOO,toCans_dotAboveCans_dotCans
syllabic,dot_ta-cans,"dot-cans, ta-cans",0x1461,·ë°,CANADIAN SYLLABICS TWA,dotCans_taCans
syllabic,ta_dot-cans,"ta-cans, dot-cans",0x1462,·ë¢,CANADIAN SYLLABICS WEST-CREE TWA,taCans_dotCans
syllabic,dot_ta_dotAbove-cans,"dot-cans, ta-cans, dotAbove-cans",0x1463,·ë£,CANADIAN SYLLABICS TWAA,dotCans_taCans_dotAboveCans
syllabic,ta_dotAbove_dot-cans,"ta-cans, dotAbove-cans, dot-cans",0x1464,·ë§,CANADIAN SYLLABICS WEST-CREE TWAA,taCans_dotAboveCans_dotCans
syllabic,ta_ringAbove-cans,"ta-cans, ringAbove-cans",0x18B7,·¢∑,CANADIAN SYLLABICS TAY,taCans_ringAboveCans
syllabic,te_supPipe-cans,"te-cans, supPipe-cans",0x1467,·ëß,CANADIAN SYLLABICS TTE,teCans_supPipeCans
syllabic,ti_supPipe-cans,"ti-cans, supPipe-cans",0x1468,·ë®,CANADIAN SYLLABICS TTI,tiCans_supPipeCans
syllabic,to_supPipe-cans,"to-cans, supPipe-cans",0x1469,·ë©,CANADIAN SYLLABICS TTO,toCans_supPipeCans
syllabic,ta_supPipe-cans,"ta-cans, supPipe-cans",0x146A,·ë™,CANADIAN SYLLABICS TTA,taCans_supPipeCans
syllabic,to_dieresis-cans,"to-cans, dieresis-cans",0x1452,·ëí,CANADIAN SYLLABICS Y-CREE TOO,toCans_dieresisCans
syllabic,colon_ta-cans,"colon-cans, ta-cans",0x1465,·ë•,CANADIAN SYLLABICS NASKAPI TWAA,colonCans_taCans
syllabic,tthe-cans,,0x156B,·ï´,CANADIAN SYLLABICS TTHE,ttheCans
syllabic,tthi-cans,,0x156C,·ï¨,CANADIAN SYLLABICS TTHI,tthiCans
syllabic,ttho-cans,,0x156D,·ï≠,CANADIAN SYLLABICS TTHO,tthoCans
syllabic,ttha-cans,,0x156E,·ïÆ,CANADIAN SYLLABICS TTHA,tthaCans
syllabic,tthe_dot-cans,"tthe-cans, dot-cans",0x18E5,·£•,CANADIAN SYLLABICS TTHWE,ttheCans_dotCans
syllabic,ttho_dotAbove-cans,"ttho-cans, dotAbove-cans",0x18E6,·£¶,CANADIAN SYLLABICS TTHOO,tthoCans_dotAboveCans
syllabic,ttha_dotAbove-cans,"ttha-cans, dotAbove-cans",0x18E7,·£ß,CANADIAN SYLLABICS TTHAA,tthaCans_dotAboveCans
syllabic,tye-cans,,0x1570,·ï∞,CANADIAN SYLLABICS TYE,tyeCans
syllabic,tyi-cans,,0x1571,·ï±,CANADIAN SYLLABICS TYI,tyiCans
syllabic,tyo-cans,,0x1572,·ï≤,CANADIAN SYLLABICS TYO,tyoCans
syllabic,tya-cans,,0x1573,·ï≥,CANADIAN SYLLABICS TYA,tyaCans
syllabic,the-cans,,0x155E,·ïû,CANADIAN SYLLABICS THE,theCans
syllabic,theAlt-cans,,0x155F,·ïü,CANADIAN SYLLABICS N-CREE THE,theAltCans
syllabic,thi-cans,,0x1560,·ï†,CANADIAN SYLLABICS THI,thiCans
syllabic,thiAlt-cans,,0x1561,·ï°,CANADIAN SYLLABICS N-CREE THI,thiAltCans
syllabic,tho-cans,,0x1564,·ï§,CANADIAN SYLLABICS THO,thoCans
syllabic,tha-cans,,0x1566,·ï¶,CANADIAN SYLLABICS THA,thaCans
syllabic,thi_dotAbove-cans,"thi-cans, dotAbove-cans",0x1562,·ï¢,CANADIAN SYLLABICS THII,thiCans_dotAboveCans
syllabic,thiAlt_dotAbove-cans,"thiAlt-cans, dotAbove-cans",0x1563,·ï£,CANADIAN SYLLABICS N-CREE THII,thiAltCans_dotAboveCans
syllabic,tho_dotAbove-cans,"tho-cans, dotAbove-cans",0x1565,·ï•,CANADIAN SYLLABICS THOO,thoCans_dotAboveCans
syllabic,tha_dotAbove-cans,"tha-cans, dotAbove-cans",0x1567,·ïß,CANADIAN SYLLABICS THAA,thaCans_dotAboveCans
syllabic,dot_tha_dotAbove-cans,"dot-cans, tha-cans, dotAbove-cans",0x1568,·ï®,CANADIAN SYLLABICS THWAA,dotCans_thaCans_dotAboveCans
syllabic,tha_dotAbove_dot-cans,"tha-cans, dotAbove-cans, dot-cans",0x1569,·ï©,CANADIAN SYLLABICS WEST-CREE THWAA,thaCans_dotAboveCans_dotCans
syllabic,the_dot-cans,"the-cans, dot-cans",0x18E3,·££,CANADIAN SYLLABICS THWE,theCans_dotCans
syllabic,tha_dot-cans,"tha-cans, dot-cans",0x18E4,·£§,CANADIAN SYLLABICS THWA,thaCans_dotCans
syllabic,ke-cans,,0x146B,·ë´,CANADIAN SYLLABICS KE,keCans
syllabic,ki-cans,,0x146D,·ë≠,CANADIAN SYLLABICS KI,kiCans
syllabic,ko-cans,,0x146F,·ëØ,CANADIAN SYLLABICS KO,koCans
syllabic,ka-cans,,0x1472,·ë≤,CANADIAN SYLLABICS KA,kaCans
syllabic,ki_ringAbove-cans,"ki-cans, ringAbove-cans",0x146C,·ë¨,CANADIAN SYLLABICS KAAI,kiCans_ringAboveCans
syllabic,ki_dotAbove-cans,"ki-cans, dotAbove-cans",0x146E,·ëÆ,CANADIAN SYLLABICS KII,kiCans_dotAboveCans
syllabic,ko_dotAbove-cans,"ko-cans, dotAbove-cans",0x1470,·ë∞,CANADIAN SYLLABICS KOO,koCans_dotAboveCans
syllabic,ka_dotAbove-cans,"ka-cans, dotAbove-cans",0x1473,·ë≥,CANADIAN SYLLABICS KAA,kaCans_dotAboveCans
syllabic,dot_ke-cans,"dot-cans, ke-cans",0x1474,·ë¥,CANADIAN SYLLABICS KWE,dotCans_keCans
syllabic,ke_dot-cans,"ke-cans, dot-cans",0x1475,·ëµ,CANADIAN SYLLABICS WEST-CREE KWE,keCans_dotCans
syllabic,dot_ki-cans,"dot-cans, ki-cans",0x1476,·ë∂,CANADIAN SYLLABICS KWI,dotCans_kiCans
syllabic,ki_dot-cans,"ki-cans, dot-cans",0x1477,·ë∑,CANADIAN SYLLABICS WEST-CREE KWI,kiCans_dotCans
syllabic,dot_ki_dotAbove-cans,"dot-cans, ki-cans, dotAbove-cans",0x1478,·ë∏,CANADIAN SYLLABICS KWII,dotCans_kiCans_dotAboveCans
syllabic,ki_dotAbove_dot-cans,"ki-cans, dotAbove-cans, dot-cans",0x1479,·ëπ,CANADIAN SYLLABICS WEST-CREE KWII,kiCans_dotAboveCans_dotCans
syllabic,dot_ko-cans,"dot-cans, ko-cans",0x147A,·ë∫,CANADIAN SYLLABICS KWO,dotCans_koCans
syllabic,ko_dot-cans,"ko-cans, dot-cans",0x147B,·ëª,CANADIAN SYLLABICS WEST-CREE KWO,koCans_dotCans
syllabic,dot_ko_dotAbove-cans,"dot-cans, ko-cans, dotAbove-cans",0x147C,·ëº,CANADIAN SYLLABICS KWOO,dotCans_koCans_dotAboveCans
syllabic,ko_dotAbove_dot-cans,"ko-cans, dotAbove-cans, dot-cans",0x147D,·ëΩ,CANADIAN SYLLABICS WEST-CREE KWOO,koCans_dotAboveCans_dotCans
syllabic,dot_ka-cans,"dot-cans, ka-cans",0x147E,·ëæ,CANADIAN SYLLABICS KWA,dotCans_kaCans
syllabic,ka_dot-cans,"ka-cans, dot-cans",0x147F,·ëø,CANADIAN SYLLABICS WEST-CREE KWA,kaCans_dotCans
syllabic,dot_ka_dotAbove-cans,"dot-cans, ka-cans, dotAbove-cans",0x1480,·íÄ,CANADIAN SYLLABICS KWAA,dotCans_kaCans_dotAboveCans
syllabic,ka_dotAbove_dot-cans,"ka-cans, dotAbove-cans, dot-cans",0x1481,·íÅ,CANADIAN SYLLABICS WEST-CREE KWAA,kaCans_dotAboveCans_dotCans
syllabic,ka_ringAbove-cans,"ka-cans, ringAbove-cans",0x18B8,·¢∏,CANADIAN SYLLABICS KAY,kaCans_ringAboveCans
syllabic,dot_ka_ringAbove-cans,"dot-cans, ka-cans, ringAbove-cans",0x18B9,·¢π,CANADIAN SYLLABICS KWAY,dotCans_kaCans_ringAboveCans
syllabic,ke_supPipe-cans,"ke-cans, supPipe-cans",0x1485,·íÖ,CANADIAN SYLLABICS SOUTH-SLAVEY KEH,keCans_supPipeCans
syllabic,ki_supPipe-cans,"ki-cans, supPipe-cans",0x1486,·íÜ,CANADIAN SYLLABICS SOUTH-SLAVEY KIH,kiCans_supPipeCans
syllabic,ko_supPipe-cans,"ko-cans, supPipe-cans",0x1487,·íá,CANADIAN SYLLABICS SOUTH-SLAVEY KOH,koCans_supPipeCans
syllabic,ka_supPipe-cans,"ka-cans, supPipe-cans",0x1488,·íà,CANADIAN SYLLABICS SOUTH-SLAVEY KAH,kaCans_supPipeCans
syllabic,ko_dieresis-cans,"ko-cans, dieresis-cans",0x1471,·ë±,CANADIAN SYLLABICS Y-CREE KOO,koCans_dieresisCans
syllabic,colon_ka-cans,"colon-cans, ka-cans",0x1482,·íÇ,CANADIAN SYLLABICS NASKAPI KWAA,colonCans_kaCans
syllabic,ne-cans,,0x14C0,·ìÄ,CANADIAN SYLLABICS NE,neCans
syllabic,ni-cans,,0x14C2,·ìÇ,CANADIAN SYLLABICS NI,niCans
syllabic,no-cans,,0x14C4,·ìÑ,CANADIAN SYLLABICS NO,noCans
syllabic,na-cans,,0x14C7,·ìá,CANADIAN SYLLABICS NA,naCans
syllabic,ni_ringAbove-cans,"ni-cans, ringAbove-cans",0x14C1,·ìÅ,CANADIAN SYLLABICS NAAI,niCans_ringAboveCans
syllabic,ni_dotAbove-cans,"ni-cans, dotAbove-cans",0x14C3,·ìÉ,CANADIAN SYLLABICS NII,niCans_dotAboveCans
syllabic,no_dotAbove-cans,"no-cans, dotAbove-cans",0x14C5,·ìÖ,CANADIAN SYLLABICS NOO,noCans_dotAboveCans
syllabic,na_dotAbove-cans,"na-cans, dotAbove-cans",0x14C8,·ìà,CANADIAN SYLLABICS NAA,naCans_dotAboveCans
syllabic,dot_ne-cans,"dot-cans, ne-cans",0x14C9,·ìâ,CANADIAN SYLLABICS NWE,dotCans_neCans
syllabic,ne_dot-cans,"ne-cans, dot-cans",0x14CA,·ìä,CANADIAN SYLLABICS WEST-CREE NWE,neCans_dotCans
syllabic,dot_na-cans,"dot-cans, na-cans",0x14CB,·ìã,CANADIAN SYLLABICS NWA,dotCans_naCans
syllabic,na_dot-cans,"na-cans, dot-cans",0x14CC,·ìå,CANADIAN SYLLABICS WEST-CREE NWA,naCans_dotCans
syllabic,dot_na_dotAbove-cans,"dot-cans, na-cans, dotAbove-cans",0x14CD,·ìç,CANADIAN SYLLABICS NWAA,dotCans_naCans_dotAboveCans
syllabic,na_dotAbove_dot-cans,"na-cans, dotAbove-cans, dot-cans",0x14CE,·ìé,CANADIAN SYLLABICS WEST-CREE NWAA,naCans_dotAboveCans_dotCans
syllabic,no_ringAbove-cans,"no-cans, ringAbove-cans",0x18BB,·¢ª,CANADIAN SYLLABICS NOY,noCans_ringAboveCans
syllabic,na_ringAbove-cans,"na-cans, ringAbove-cans",0x18BC,·¢º,CANADIAN SYLLABICS NAY,naCans_ringAboveCans
syllabic,dot_ni-cans,"dot-cans, ni-cans",0x18C6,·£Ü,CANADIAN SYLLABICS NWI,dotCans_niCans
syllabic,ni_dot-cans,"ni-cans, dot-cans",0x18C7,·£á,CANADIAN SYLLABICS OJIBWAY NWI,niCans_dotCans
syllabic,dot_ni_dotAbove-cans,"dot-cans, ni-cans, dotAbove-cans",0x18C8,·£à,CANADIAN SYLLABICS NWII,dotCans_niCans_dotAboveCans
syllabic,ni_dotAbove_dot-cans,"ni-cans, dotAbove-cans, dot-cans",0x18C9,·£â,CANADIAN SYLLABICS OJIBWAY NWII,niCans_dotAboveCans_dotCans
syllabic,dot_no-cans,"dot-cans, no-cans",0x18CA,·£ä,CANADIAN SYLLABICS NWO,dotCans_noCans
syllabic,no_dot-cans,"no-cans, dot-cans",0x18CB,·£ã,CANADIAN SYLLABICS OJIBWAY NWO,noCans_dotCans
syllabic,dot_no_dotAbove-cans,"dot-cans, no-cans, dotAbove-cans",0x18CC,·£å,CANADIAN SYLLABICS NWOO,dotCans_noCans_dotAboveCans
syllabic,no_dotAbove_dot-cans,"no-cans, dotAbove-cans, dot-cans",0x18CD,·£ç,CANADIAN SYLLABICS OJIBWAY NWOO,noCans_dotAboveCans_dotCans
syllabic,no_dieresis-cans,"no-cans, dieresis-cans",0x14C6,·ìÜ,CANADIAN SYLLABICS Y-CREE NOO,noCans_dieresisCans
syllabic,na_dieresis-cans,"na-cans, dieresis-cans",0x14CF,·ìè,CANADIAN SYLLABICS NASKAPI NWAA,naCans_dieresisCans
syllabic,neThe-cans,"ne-cans, crossbarAbove-cans",0x159B,·ñõ,CANADIAN SYLLABICS WOODS-CREE THE,neTheCans
syllabic,niThi-cans,"ni-cans, crossbarAbove-cans",0x159C,·ñú,CANADIAN SYLLABICS WOODS-CREE THI,niThiCans
syllabic,noTho-cans,"no-cans, crossbarAbove-cans",0x159D,·ñù,CANADIAN SYLLABICS WOODS-CREE THO,noThoCans
syllabic,naTha-cans,"na-cans, crossbarAbove-cans",0x159E,·ñû,CANADIAN SYLLABICS WOODS-CREE THA,naThaCans
syllabic,keHe-cans,,0x1574,·ï¥,CANADIAN SYLLABICS NUNAVIK HE,keHeCans
syllabic,kiHi-cans,,0x1575,·ïµ,CANADIAN SYLLABICS NUNAVIK HI,kiHiCans
syllabic,koHo-cans,,0x1577,·ï∑,CANADIAN SYLLABICS NUNAVIK HO,koHoCans
syllabic,kaHa-cans,,0x1579,·ïπ,CANADIAN SYLLABICS NUNAVIK HA,kaHaCans
syllabic,kiHi_dotAbove-cans,"kiHi-cans, dotAbove-cans",0x1576,·ï∂,CANADIAN SYLLABICS NUNAVIK HII,kiHiCans_dotAboveCans
syllabic,koHo_dotAbove-cans,"koHo-cans, dotAbove-cans",0x1578,·ï∏,CANADIAN SYLLABICS NUNAVIK HOO,koHoCans_dotAboveCans
syllabic,kaHa_dotAbove-cans,"kaHa-cans, dotAbove-cans",0x157A,·ï∫,CANADIAN SYLLABICS NUNAVIK HAA,kaHaCans_dotAboveCans
syllabic,tlhe-cans,,0x1586,·ñÜ,CANADIAN SYLLABICS TLHE,tlheCans
syllabic,tlhi-cans,,0x1587,·ñá,CANADIAN SYLLABICS TLHI,tlhiCans
syllabic,tlho-cans,,0x1588,·ñà,CANADIAN SYLLABICS TLHO,tlhoCans
syllabic,tlha-cans,,0x1589,·ñâ,CANADIAN SYLLABICS TLHA,tlhaCans
syllabic,tlhe_dot-cans,"tlhe-cans, dot-cans",0x18E8,·£®,CANADIAN SYLLABICS TLHWE,tlheCans_dotCans
syllabic,tlho_dotAbove-cans,"tlho-cans, dotAbove-cans",0x18E9,·£©,CANADIAN SYLLABICS TLHOO,tlhoCans_dotAboveCans
syllabic,openKe-cans,,0x154B,·ïã,CANADIAN SYLLABICS RA,openKeCans
syllabic,openKi-cans,,0x1548,·ïà,CANADIAN SYLLABICS RO,openKiCans
syllabic,openKo-cans,,0x154D,·ïç,CANADIAN SYLLABICS WEST-CREE LA,openKoCans
syllabic,openKa-cans,,0x154A,·ïä,CANADIAN SYLLABICS WEST-CREE LO,openKaCans
syllabic,openKe_dotAbove-cans,"openKe-cans, dotAbove-cans",0x154C,·ïå,CANADIAN SYLLABICS RAA,openKeCans_dotAboveCans
syllabic,openKe_ringAbove-cans,"openKe-cans, ringAbove-cans",0x18C5,·£Ö,CANADIAN SYLLABICS RAY,openKeCans_ringAboveCans
syllabic,dot_openKe_dotAbove-cans,"dot-cans, openKe-cans, dotAbove-cans",0x154E,·ïé,CANADIAN SYLLABICS RWAA,dotCans_openKeCans_dotAboveCans
syllabic,openKe_dotAbove_dot-cans,"openKe-cans, dotAbove-cans, dot-cans",0x154F,·ïè,CANADIAN SYLLABICS WEST-CREE RWAA,openKeCans_dotAboveCans_dotCans
syllabic,openKi_dotAbove-cans,"openKi-cans, dotAbove-cans",0x1549,·ïâ,CANADIAN SYLLABICS ROO,openKiCans_dotAboveCans
syllabic,dot_openKi-cans,"dot-cans, openKi-cans",0x18D1,·£ë,CANADIAN SYLLABICS RWO,dotCans_openKiCans
syllabic,dot_openKi_dotAbove-cans,"dot-cans, openKi-cans, dotAbove-cans",0x18D2,·£í,CANADIAN SYLLABICS RWOO,dotCans_openKiCans_dotAboveCans
syllabic,dot_openKe-cans,"dot-cans, openKe-cans",0x18D3,·£ì,CANADIAN SYLLABICS RWA,dotCans_openKeCans
syllabic,supRa_ke-cans,"supRa-cans, ke-cans",0x166F,·ôØ,CANADIAN SYLLABICS QAI,supRaCans_keCans
syllabic,supRa_ki_ringAbove-cans,"supRa-cans, ki-cans, ringAbove-cans",0x157E,·ïæ,CANADIAN SYLLABICS QAAI,supRaCans_kiCans_ringAboveCans
syllabic,supRa_ki-cans,"supRa-cans, ki-cans",0x157F,·ïø,CANADIAN SYLLABICS QI,supRaCans_kiCans
syllabic,supRa_ki_dotAbove-cans,"supRa-cans, ki-cans, dotAbove-cans",0x1580,·ñÄ,CANADIAN SYLLABICS QII,supRaCans_kiCans_dotAboveCans
syllabic,supRa_ko-cans,"supRa-cans, ko-cans",0x1581,·ñÅ,CANADIAN SYLLABICS QO,supRaCans_koCans
syllabic,supRa_ko_dotAbove-cans,"supRa-cans, ko-cans, dotAbove-cans",0x1582,·ñÇ,CANADIAN SYLLABICS QOO,supRaCans_koCans_dotAboveCans
syllabic,supRa_ka-cans,"supRa-cans, ka-cans",0x1583,·ñÉ,CANADIAN SYLLABICS QA,supRaCans_kaCans
syllabic,supRa_ka_dotAbove-cans,"supRa-cans, ka-cans, dotAbove-cans",0x1584,·ñÑ,CANADIAN SYLLABICS QAA,supRaCans_kaCans_dotAboveCans
syllabic,openNe-cans,,0x1543,·ïÉ,CANADIAN SYLLABICS R-CREE RE,openNeCans
syllabic,openNi-cans,,0x1542,·ïÇ,CANADIAN SYLLABICS RE,openNiCans
syllabic,openNo-cans,,0x1544,·ïÑ,CANADIAN SYLLABICS WEST-CREE LE,openNoCans
syllabic,openNa-cans,,0x1546,·ïÜ,CANADIAN SYLLABICS RI,openNaCans
syllabic,openNa_ringAbove-cans,"openNa-cans, ringAbove-cans",0x1545,·ïÖ,CANADIAN SYLLABICS RAAI,openNaCans_ringAboveCans
syllabic,openNa_dotAbove-cans,"openNa-cans, dotAbove-cans",0x1547,·ïá,CANADIAN SYLLABICS RII,openNaCans_dotAboveCans
syllabic,openNe_dot-cans,"openNe-cans, dot-cans",0x18E0,·£†,CANADIAN SYLLABICS R-CREE RWE,openNeCans_dotCans
syllabic,openKa_dotAbove-cans,"openKa-cans, dotAbove-cans",0x18E1,·£°,CANADIAN SYLLABICS WEST-CREE LOO,openKaCans_dotAboveCans
syllabic,openKo_dotAbove-cans,"openKo-cans, dotAbove-cans",0x18E2,·£¢,CANADIAN SYLLABICS WEST-CREE LAA,openKoCans_dotAboveCans
syllabic,dot_openNe-cans,"dot-cans, openNe-cans",0x18CE,·£é,CANADIAN SYLLABICS RWEE,dotCans_openNeCans
syllabic,dot_openNa-cans,"dot-cans, openNa-cans",0x18CF,·£è,CANADIAN SYLLABICS RWI,dotCans_openNaCans
syllabic,dot_openNa_dotAbove-cans,"dot-cans, openNa-cans, dotAbove-cans",0x18D0,·£ê,CANADIAN SYLLABICS RWII,dotCans_openNaCans_dotAboveCans
syllabic,supNaCa_ce-cans,"supNaCa-cans, ce-cans",0x1670,·ô∞,CANADIAN SYLLABICS NGAI,supNaCaCans_ceCans
syllabic,supNaCa_ci_ringAbove-cans,"supNaCa-cans, ci-cans, ringAbove-cans",0x158E,·ñé,CANADIAN SYLLABICS NGAAI,supNaCaCans_ciCans_ringAboveCans
syllabic,supNaCa_ci-cans,"supNaCa-cans, ci-cans",0x158F,·ñè,CANADIAN SYLLABICS NGI,supNaCaCans_ciCans
syllabic,supNaCa_ci_dotAbove-cans,"supNaCa-cans, ci-cans, dotAbove-cans",0x1590,·ñê,CANADIAN SYLLABICS NGII,supNaCaCans_ciCans_dotAboveCans
syllabic,supNaCa_co-cans,"supNaCa-cans, co-cans",0x1591,·ñë,CANADIAN SYLLABICS NGO,supNaCaCans_coCans
syllabic,supNaCa_co_dotAbove-cans,"supNaCa-cans, co-cans, dotAbove-cans",0x1592,·ñí,CANADIAN SYLLABICS NGOO,supNaCaCans_coCans_dotAboveCans
syllabic,supNaCa_ca-cans,"supNaCa-cans, ca-cans",0x1593,·ñì,CANADIAN SYLLABICS NGA,supNaCaCans_caCans
syllabic,supNaCa_ca_dotAbove-cans,"supNaCa-cans, ca-cans, dotAbove-cans",0x1594,·ñî,CANADIAN SYLLABICS NGAA,supNaCaCans_caCans_dotAboveCans
syllabic,supNaNaCa_ci-cans,"supNaNaCa-cans, ci-cans",0x1671,·ô±,CANADIAN SYLLABICS NNGI,supNaNaCaCans_ciCans
syllabic,supNaNaCa_ci_dotAbove-cans,"supNaNaCa-cans, ci-cans, dotAbove-cans",0x1672,·ô≤,CANADIAN SYLLABICS NNGII,supNaNaCaCans_ciCans_dotAboveCans
syllabic,supNaNaCa_co-cans,"supNaNaCa-cans, co-cans",0x1673,·ô≥,CANADIAN SYLLABICS NNGO,supNaNaCaCans_coCans
syllabic,supNaNaCa_co_dotAbove-cans,"supNaNaCa-cans, co-cans, dotAbove-cans",0x1674,·ô¥,CANADIAN SYLLABICS NNGOO,supNaNaCaCans_coCans_dotAboveCans
syllabic,supNaNaCa_ca-cans,"supNaNaCa-cans, ca-cans",0x1675,·ôµ,CANADIAN SYLLABICS NNGA,supNaNaCaCans_caCans
syllabic,supNaNaCa_ca_dotAbove-cans,"supNaNaCa-cans, ca-cans, dotAbove-cans",0x1676,·ô∂,CANADIAN SYLLABICS NNGAA,supNaNaCaCans_caCans_dotAboveCans
syllabic,ce-cans,,0x1489,·íâ,CANADIAN SYLLABICS CE,ceCans
syllabic,ci-cans,,0x148B,·íã,CANADIAN SYLLABICS CI,ciCans
syllabic,co-cans,,0x148D,·íç,CANADIAN SYLLABICS CO,coCans
syllabic,ca-cans,,0x1490,·íê,CANADIAN SYLLABICS CA,caCans
syllabic,ci_ringAbove-cans,"ci-cans, ringAbove-cans",0x148A,·íä,CANADIAN SYLLABICS CAAI,ciCans_ringAboveCans
syllabic,ci_dotAbove-cans,"ci-cans, dotAbove-cans",0x148C,·íå,CANADIAN SYLLABICS CII,ciCans_dotAboveCans
syllabic,co_dotAbove-cans,"co-cans, dotAbove-cans",0x148E,·íé,CANADIAN SYLLABICS COO,coCans_dotAboveCans
syllabic,ca_dotAbove-cans,"ca-cans, dotAbove-cans",0x1491,·íë,CANADIAN SYLLABICS CAA,caCans_dotAboveCans
syllabic,dot_ce-cans,"dot-cans, ce-cans",0x1492,·íí,CANADIAN SYLLABICS CWE,dotCans_ceCans
syllabic,ce_dot-cans,"ce-cans, dot-cans",0x1493,·íì,CANADIAN SYLLABICS WEST-CREE CWE,ceCans_dotCans
syllabic,dot_ci-cans,"dot-cans, ci-cans",0x1494,·íî,CANADIAN SYLLABICS CWI,dotCans_ciCans
syllabic,ci_dot-cans,"ci-cans, dot-cans",0x1495,·íï,CANADIAN SYLLABICS WEST-CREE CWI,ciCans_dotCans
syllabic,dot_ci_dotAbove-cans,"dot-cans, ci-cans, dotAbove-cans",0x1496,·íñ,CANADIAN SYLLABICS CWII,dotCans_ciCans_dotAboveCans
syllabic,ci_dotAbove_dot-cans,"ci-cans, dotAbove-cans, dot-cans",0x1497,·íó,CANADIAN SYLLABICS WEST-CREE CWII,ciCans_dotAboveCans_dotCans
syllabic,dot_co-cans,"dot-cans, co-cans",0x1498,·íò,CANADIAN SYLLABICS CWO,dotCans_coCans
syllabic,co_dot-cans,"co-cans, dot-cans",0x1499,·íô,CANADIAN SYLLABICS WEST-CREE CWO,coCans_dotCans
syllabic,dot_co_dotAbove-cans,"dot-cans, co-cans, dotAbove-cans",0x149A,·íö,CANADIAN SYLLABICS CWOO,dotCans_coCans_dotAboveCans
syllabic,co_dotAbove_dot-cans,"co-cans, dotAbove-cans, dot-cans",0x149B,·íõ,CANADIAN SYLLABICS WEST-CREE CWOO,coCans_dotAboveCans_dotCans
syllabic,dot_ca-cans,"dot-cans, ca-cans",0x149C,·íú,CANADIAN SYLLABICS CWA,dotCans_caCans
syllabic,ca_dot-cans,"ca-cans, dot-cans",0x149D,·íù,CANADIAN SYLLABICS WEST-CREE CWA,caCans_dotCans
syllabic,dot_ca_dotAbove-cans,"dot-cans, ca-cans, dotAbove-cans",0x149E,·íû,CANADIAN SYLLABICS CWAA,dotCans_caCans_dotAboveCans
syllabic,ca_dotAbove_dot-cans,"ca-cans, dotAbove-cans, dot-cans",0x149F,·íü,CANADIAN SYLLABICS WEST-CREE CWAA,caCans_dotAboveCans_dotCans
syllabic,co_dieresis-cans,"co-cans, dieresis-cans",0x148F,·íè,CANADIAN SYLLABICS Y-CREE COO,coCans_dieresisCans
syllabic,colon_ca-cans,"colon-cans, ca-cans",0x14A0,·í†,CANADIAN SYLLABICS NASKAPI CWAA,colonCans_caCans
syllabic,le-cans,,0x14D3,·ìì,CANADIAN SYLLABICS LE,leCans
syllabic,li-cans,,0x14D5,·ìï,CANADIAN SYLLABICS LI,liCans
syllabic,lo-cans,,0x14D7,·ìó,CANADIAN SYLLABICS LO,loCans
syllabic,la-cans,,0x14DA,·ìö,CANADIAN SYLLABICS LA,laCans
syllabic,li_ringAbove-cans,"li-cans, ringAbove-cans",0x14D4,·ìî,CANADIAN SYLLABICS LAAI,liCans_ringAboveCans
syllabic,li_dotAbove-cans,"li-cans, dotAbove-cans",0x14D6,·ìñ,CANADIAN SYLLABICS LII,liCans_dotAboveCans
syllabic,lo_dotAbove-cans,"lo-cans, dotAbove-cans",0x14D8,·ìò,CANADIAN SYLLABICS LOO,loCans_dotAboveCans
syllabic,la_dotAbove-cans,"la-cans, dotAbove-cans",0x14DB,·ìõ,CANADIAN SYLLABICS LAA,laCans_dotAboveCans
syllabic,dot_le-cans,"dot-cans, le-cans",0x14DC,·ìú,CANADIAN SYLLABICS LWE,dotCans_leCans
syllabic,le_dot-cans,"le-cans, dot-cans",0x14DD,·ìù,CANADIAN SYLLABICS WEST-CREE LWE,leCans_dotCans
syllabic,dot_li-cans,"dot-cans, li-cans",0x14DE,·ìû,CANADIAN SYLLABICS LWI,dotCans_liCans
syllabic,li_dot-cans,"li-cans, dot-cans",0x14DF,·ìü,CANADIAN SYLLABICS WEST-CREE LWI,liCans_dotCans
syllabic,dot_li_dotAbove-cans,"dot-cans, li-cans, dotAbove-cans",0x14E0,·ì†,CANADIAN SYLLABICS LWII,dotCans_liCans_dotAboveCans
syllabic,li_dotAbove_dot-cans,"li-cans, dotAbove-cans, dot-cans",0x14E1,·ì°,CANADIAN SYLLABICS WEST-CREE LWII,liCans_dotAboveCans_dotCans
syllabic,dot_lo-cans,"dot-cans, lo-cans",0x14E2,·ì¢,CANADIAN SYLLABICS LWO,dotCans_loCans
syllabic,lo_dot-cans,"lo-cans, dot-cans",0x14E3,·ì£,CANADIAN SYLLABICS WEST-CREE LWO,loCans_dotCans
syllabic,dot_lo_dotAbove-cans,"dot-cans, lo-cans, dotAbove-cans",0x14E4,·ì§,CANADIAN SYLLABICS LWOO,dotCans_loCans_dotAboveCans
syllabic,lo_dotAbove_dot-cans,"lo-cans, dotAbove-cans, dot-cans",0x14E5,·ì•,CANADIAN SYLLABICS WEST-CREE LWOO,loCans_dotAboveCans_dotCans
syllabic,dot_la-cans,"dot-cans, la-cans",0x14E6,·ì¶,CANADIAN SYLLABICS LWA,dotCans_laCans
syllabic,la_dot-cans,"la-cans, dot-cans",0x14E7,·ìß,CANADIAN SYLLABICS WEST-CREE LWA,laCans_dotCans
syllabic,dot_la_dotAbove-cans,"dot-cans, la-cans, dotAbove-cans",0x14E8,·ì®,CANADIAN SYLLABICS LWAA,dotCans_laCans_dotAboveCans
syllabic,la_dotAbove_dot-cans,"la-cans, dotAbove-cans, dot-cans",0x14E9,·ì©,CANADIAN SYLLABICS WEST-CREE LWAA,laCans_dotAboveCans_dotCans
syllabic,la_ringAbove-cans,"la-cans, ringAbove-cans",0x18BD,·¢Ω,CANADIAN SYLLABICS LAY,laCans_ringAboveCans
syllabic,lo_dieresis-cans,"lo-cans, dieresis-cans",0x14D9,·ìô,CANADIAN SYLLABICS Y-CREE LOO,loCans_dieresisCans
syllabic,ceRe-cans,,0x158A,·ñä,CANADIAN SYLLABICS WEST-CREE RE,ceReCans
syllabic,ciRi-cans,,0x158B,·ñã,CANADIAN SYLLABICS WEST-CREE RI,ciRiCans
syllabic,coRo-cans,,0x158C,·ñå,CANADIAN SYLLABICS WEST-CREE RO,coRoCans
syllabic,caRa-cans,,0x158D,·ñç,CANADIAN SYLLABICS WEST-CREE RA,caRaCans
syllabic,lhi-cans,,0x15A0,·ñ†,CANADIAN SYLLABICS LHI,lhiCans
syllabic,lho-cans,,0x15A2,·ñ¢,CANADIAN SYLLABICS LHO,lhoCans
syllabic,lha-cans,,0x15A4,·ñ§,CANADIAN SYLLABICS LHA,lhaCans
syllabic,lhi_dotAbove-cans,"lhi-cans, dotAbove-cans",0x15A1,·ñ°,CANADIAN SYLLABICS LHII,lhiCans_dotAboveCans
syllabic,lho_dotAbove-cans,"lho-cans, dotAbove-cans",0x15A3,·ñ£,CANADIAN SYLLABICS LHOO,lhoCans_dotAboveCans
syllabic,lha_dotAbove-cans,"lha-cans, dotAbove-cans",0x15A5,·ñ•,CANADIAN SYLLABICS LHAA,lhaCans_dotAboveCans
syllabic,me-cans,,0x14A3,·í£,CANADIAN SYLLABICS ME,meCans
syllabic,mi-cans,,0x14A5,·í•,CANADIAN SYLLABICS MI,miCans
syllabic,mo-cans,,0x14A7,·íß,CANADIAN SYLLABICS MO,moCans
syllabic,ma-cans,,0x14AA,·í™,CANADIAN SYLLABICS MA,maCans
syllabic,mi_ringAbove-cans,"mi-cans, ringAbove-cans",0x14A4,·í§,CANADIAN SYLLABICS MAAI,miCans_ringAboveCans
syllabic,mi_dotAbove-cans,"mi-cans, dotAbove-cans",0x14A6,·í¶,CANADIAN SYLLABICS MII,miCans_dotAboveCans
syllabic,mo_dotAbove-cans,"mo-cans, dotAbove-cans",0x14A8,·í®,CANADIAN SYLLABICS MOO,moCans_dotAboveCans
syllabic,ma_dotAbove-cans,"ma-cans, dotAbove-cans",0x14AB,·í´,CANADIAN SYLLABICS MAA,maCans_dotAboveCans
syllabic,dot_me-cans,"dot-cans, me-cans",0x14AC,·í¨,CANADIAN SYLLABICS MWE,dotCans_meCans
syllabic,me_dot-cans,"me-cans, dot-cans",0x14AD,·í≠,CANADIAN SYLLABICS WEST-CREE MWE,meCans_dotCans
syllabic,dot_mi-cans,"dot-cans, mi-cans",0x14AE,·íÆ,CANADIAN SYLLABICS MWI,dotCans_miCans
syllabic,mi_dot-cans,"mi-cans, dot-cans",0x14AF,·íØ,CANADIAN SYLLABICS WEST-CREE MWI,miCans_dotCans
syllabic,dot_mi_dotAbove-cans,"dot-cans, mi-cans, dotAbove-cans",0x14B0,·í∞,CANADIAN SYLLABICS MWII,dotCans_miCans_dotAboveCans
syllabic,mi_dotAbove_dot-cans,"mi-cans, dotAbove-cans, dot-cans",0x14B1,·í±,CANADIAN SYLLABICS WEST-CREE MWII,miCans_dotAboveCans_dotCans
syllabic,dot_mo-cans,"dot-cans, mo-cans",0x14B2,·í≤,CANADIAN SYLLABICS MWO,dotCans_moCans
syllabic,mo_dot-cans,"mo-cans, dot-cans",0x14B3,·í≥,CANADIAN SYLLABICS WEST-CREE MWO,moCans_dotCans
syllabic,dot_mo_dotAbove-cans,"dot-cans, mo-cans, dotAbove-cans",0x14B4,·í¥,CANADIAN SYLLABICS MWOO,dotCans_moCans_dotAboveCans
syllabic,mo_dotAbove_dot-cans,"mo-cans, dotAbove-cans, dot-cans",0x14B5,·íµ,CANADIAN SYLLABICS WEST-CREE MWOO,moCans_dotAboveCans_dotCans
syllabic,dot_ma-cans,"dot-cans, ma-cans",0x14B6,·í∂,CANADIAN SYLLABICS MWA,dotCans_maCans
syllabic,ma_dot-cans,"ma-cans, dot-cans",0x14B7,·í∑,CANADIAN SYLLABICS WEST-CREE MWA,maCans_dotCans
syllabic,dot_ma_dotAbove-cans,"dot-cans, ma-cans, dotAbove-cans",0x14B8,·í∏,CANADIAN SYLLABICS MWAA,dotCans_maCans_dotAboveCans
syllabic,ma_dotAbove_dot-cans,"ma-cans, dotAbove-cans, dot-cans",0x14B9,·íπ,CANADIAN SYLLABICS WEST-CREE MWAA,maCans_dotAboveCans_dotCans
syllabic,ma_ringAbove-cans,"ma-cans, ringAbove-cans",0x18BA,·¢∫,CANADIAN SYLLABICS MAY,maCans_ringAboveCans
syllabic,mo_dieresis-cans,"mo-cans, dieresis-cans",0x14A9,·í©,CANADIAN SYLLABICS Y-CREE MOO,moCans_dieresisCans
syllabic,colon_ma-cans,"colon-cans, ma-cans",0x14BA,·í∫,CANADIAN SYLLABICS NASKAPI MWAA,colonCans_maCans
syllabic,se-cans,,0x14ED,·ì≠,CANADIAN SYLLABICS SE,seCans
syllabic,si-cans,,0x14EF,·ìØ,CANADIAN SYLLABICS SI,siCans
syllabic,so-cans,,0x14F1,·ì±,CANADIAN SYLLABICS SO,soCans
syllabic,sa-cans,,0x14F4,·ì¥,CANADIAN SYLLABICS SA,saCans
syllabic,dot_se-cans,"dot-cans, se-cans",0x14F6,·ì∂,CANADIAN SYLLABICS SWE,dotCans_seCans
syllabic,se_dot-cans,"se-cans, dot-cans",0x14F7,·ì∑,CANADIAN SYLLABICS WEST-CREE SWE,seCans_dotCans
syllabic,si_dotAbove-cans,"si-cans, dotAbove-cans",0x14F0,·ì∞,CANADIAN SYLLABICS SII,siCans_dotAboveCans
syllabic,si_ringAbove-cans,"si-cans, ringAbove-cans",0x14EE,·ìÆ,CANADIAN SYLLABICS SAAI,siCans_ringAboveCans
syllabic,dot_si-cans,"dot-cans, si-cans",0x14F8,·ì∏,CANADIAN SYLLABICS SWI,dotCans_siCans
syllabic,dot_si_dotAbove-cans,"dot-cans, si-cans, dotAbove-cans",0x14FA,·ì∫,CANADIAN SYLLABICS SWII,dotCans_siCans_dotAboveCans
syllabic,si_dot-cans,"si-cans, dot-cans",0x14F9,·ìπ,CANADIAN SYLLABICS WEST-CREE SWI,siCans_dotCans
syllabic,si_dotAbove_dot-cans,"si-cans, dotAbove-cans, dot-cans",0x14FB,·ìª,CANADIAN SYLLABICS WEST-CREE SWII,siCans_dotAboveCans_dotCans
syllabic,so_dotAbove-cans,"so-cans, dotAbove-cans",0x14F2,·ì≤,CANADIAN SYLLABICS SOO,soCans_dotAboveCans
syllabic,so_ringAbove-cans,"so-cans, ringAbove-cans",0x18BE,·¢æ,CANADIAN SYLLABICS SOY,soCans_ringAboveCans
syllabic,dot_so-cans,"dot-cans, so-cans",0x14FC,·ìº,CANADIAN SYLLABICS SWO,dotCans_soCans
syllabic,dot_so_dotAbove-cans,"dot-cans, so-cans, dotAbove-cans",0x14FE,·ìæ,CANADIAN SYLLABICS SWOO,dotCans_soCans_dotAboveCans
syllabic,so_dot-cans,"so-cans, dot-cans",0x14FD,·ìΩ,CANADIAN SYLLABICS WEST-CREE SWO,soCans_dotCans
syllabic,so_dotAbove_dot-cans,"so-cans, dotAbove-cans, dot-cans",0x14FF,·ìø,CANADIAN SYLLABICS WEST-CREE SWOO,soCans_dotAboveCans_dotCans
syllabic,sa_dotAbove-cans,"sa-cans, dotAbove-cans",0x14F5,·ìµ,CANADIAN SYLLABICS SAA,saCans_dotAboveCans
syllabic,sa_ringAbove-cans,"sa-cans, ringAbove-cans",0x18BF,·¢ø,CANADIAN SYLLABICS SAY,saCans_ringAboveCans
syllabic,dot_sa-cans,"dot-cans, sa-cans",0x1500,·îÄ,CANADIAN SYLLABICS SWA,dotCans_saCans
syllabic,dot_sa_dotAbove-cans,"dot-cans, sa-cans, dotAbove-cans",0x1502,·îÇ,CANADIAN SYLLABICS SWAA,dotCans_saCans_dotAboveCans
syllabic,sa_dot-cans,"sa-cans, dot-cans",0x1501,·îÅ,CANADIAN SYLLABICS WEST-CREE SWA,saCans_dotCans
syllabic,sa_dotAbove_dot-cans,"sa-cans, dotAbove-cans, dot-cans",0x1503,·îÉ,CANADIAN SYLLABICS WEST-CREE SWAA,saCans_dotAboveCans_dotCans
syllabic,so_dieresis-cans,"so-cans, dieresis-cans",0x14F3,·ì≥,CANADIAN SYLLABICS Y-CREE SOO,soCans_dieresisCans
syllabic,colon_sa-cans,"colon-cans, sa-cans",0x1504,·îÑ,CANADIAN SYLLABICS NASKAPI SWAA,colonCans_saCans
syllabic,siHi-cans,,0x11AB0,ë™∞,CANADIAN SYLLABICS NATTILIK HI,siHiCans
syllabic,soHo-cans,,0x11AB2,ë™≤,CANADIAN SYLLABICS NATTILIK HO,soHoCans
syllabic,saHa-cans,,0x11AB4,ë™¥,CANADIAN SYLLABICS NATTILIK HA,saHaCans
syllabic,shri-cans,,0x11AB6,ë™∂,CANADIAN SYLLABICS NATTILIK SHRI,shriCans
syllabic,shro-cans,,0x11AB8,ë™∏,CANADIAN SYLLABICS NATTILIK SHRO,shroCans
syllabic,shra-cans,,0x11ABA,ë™∫,CANADIAN SYLLABICS NATTILIK SHRA,shraCans
syllabic,siHi_dotAbove-cans,"siHi-cans, dotAbove-cans",0x11AB1,ë™±,CANADIAN SYLLABICS NATTILIK HII,siHiCans_dotAboveCans
syllabic,soHo_dotAbove-cans,"soHo-cans, dotAbove-cans",0x11AB3,ë™≥,CANADIAN SYLLABICS NATTILIK HOO,soHoCans_dotAboveCans
syllabic,saHa_dotAbove-cans,"saHa-cans, dotAbove-cans",0x11AB5,ë™µ,CANADIAN SYLLABICS NATTILIK HAA,saHaCans_dotAboveCans
syllabic,shri_dotAbove-cans,"shri-cans, dotAbove-cans",0x11AB7,ë™∑,CANADIAN SYLLABICS NATTILIK SHRII,shriCans_dotAboveCans
syllabic,shro_dotAbove-cans,"shro-cans, dotAbove-cans",0x11AB9,ë™π,CANADIAN SYLLABICS NATTILIK SHROO,shroCans_dotAboveCans
syllabic,shra_dotAbove-cans,"shra-cans, dotAbove-cans",0x11ABB,ë™ª,CANADIAN SYLLABICS NATTILIK SHRAA,shraCans_dotAboveCans
syllabic,supSaWithDots_pa-cans,"supSaWithDots-cans, pa-cans",0x150C,·îå,CANADIAN SYLLABICS NASKAPI SPWA,supSaWithDotsCans_paCans
syllabic,supSaWithDots_ta-cans,"supSaWithDots-cans, ta-cans",0x150D,·îç,CANADIAN SYLLABICS NASKAPI STWA,supSaWithDotsCans_taCans
syllabic,supSaWithDots_ka-cans,"supSaWithDots-cans, ka-cans",0x150E,·îé,CANADIAN SYLLABICS NASKAPI SKWA,supSaWithDotsCans_kaCans
syllabic,supSaWithDots_ca-cans,"supSaWithDots-cans, ca-cans",0x150F,·îè,CANADIAN SYLLABICS NASKAPI SCWA,supSaWithDotsCans_caCans
syllabic,ye-cans,,0x1526,·î¶,CANADIAN SYLLABICS YE,yeCans
syllabic,yi-cans,,0x1528,·î®,CANADIAN SYLLABICS YI,yiCans
syllabic,yo-cans,,0x152A,·î™,CANADIAN SYLLABICS YO,yoCans
syllabic,ya-cans,,0x152D,·î≠,CANADIAN SYLLABICS YA,yaCans
syllabic,yi_ringAbove-cans,"yi-cans, ringAbove-cans",0x1527,·îß,CANADIAN SYLLABICS YAAI,yiCans_ringAboveCans
syllabic,yi_dotAbove-cans,"yi-cans, dotAbove-cans",0x1529,·î©,CANADIAN SYLLABICS YII,yiCans_dotAboveCans
syllabic,yo_dotAbove-cans,"yo-cans, dotAbove-cans",0x152B,·î´,CANADIAN SYLLABICS YOO,yoCans_dotAboveCans
syllabic,ya_dotAbove-cans,"ya-cans, dotAbove-cans",0x152E,·îÆ,CANADIAN SYLLABICS YAA,yaCans_dotAboveCans
syllabic,dot_ye-cans,"dot-cans, ye-cans",0x152F,·îØ,CANADIAN SYLLABICS YWE,dotCans_yeCans
syllabic,ye_dot-cans,"ye-cans, dot-cans",0x1530,·î∞,CANADIAN SYLLABICS WEST-CREE YWE,yeCans_dotCans
syllabic,dot_yi-cans,"dot-cans, yi-cans",0x1531,·î±,CANADIAN SYLLABICS YWI,dotCans_yiCans
syllabic,yi_dot-cans,"yi-cans, dot-cans",0x1532,·î≤,CANADIAN SYLLABICS WEST-CREE YWI,yiCans_dotCans
syllabic,dot_yi_dotAbove-cans,"dot-cans, yi-cans, dotAbove-cans",0x1533,·î≥,CANADIAN SYLLABICS YWII,dotCans_yiCans_dotAboveCans
syllabic,yi_dotAbove_dot-cans,"yi-cans, dotAbove-cans, dot-cans",0x1534,·î¥,CANADIAN SYLLABICS WEST-CREE YWII,yiCans_dotAboveCans_dotCans
syllabic,dot_yo-cans,"dot-cans, yo-cans",0x1535,·îµ,CANADIAN SYLLABICS YWO,dotCans_yoCans
syllabic,yo_dot-cans,"yo-cans, dot-cans",0x1536,·î∂,CANADIAN SYLLABICS WEST-CREE YWO,yoCans_dotCans
syllabic,dot_yo_dotAbove-cans,"dot-cans, yo-cans, dotAbove-cans",0x1537,·î∑,CANADIAN SYLLABICS YWOO,dotCans_yoCans_dotAboveCans
syllabic,yo_dotAbove_dot-cans,"yo-cans, dotAbove-cans, dot-cans",0x1538,·î∏,CANADIAN SYLLABICS WEST-CREE YWOO,yoCans_dotAboveCans_dotCans
syllabic,dot_ya-cans,"dot-cans, ya-cans",0x1539,·îπ,CANADIAN SYLLABICS YWA,dotCans_yaCans
syllabic,ya_dot-cans,"ya-cans, dot-cans",0x153A,·î∫,CANADIAN SYLLABICS WEST-CREE YWA,yaCans_dotCans
syllabic,dot_ya_dotAbove-cans,"dot-cans, ya-cans, dotAbove-cans",0x153B,·îª,CANADIAN SYLLABICS YWAA,dotCans_yaCans_dotAboveCans
syllabic,ya_dotAbove_dot-cans,"ya-cans, dotAbove-cans, dot-cans",0x153C,·îº,CANADIAN SYLLABICS WEST-CREE YWAA,yaCans_dotAboveCans_dotCans
syllabic,yo_ringAbove-cans,"yo-cans, ringAbove-cans",0x18C3,·£É,CANADIAN SYLLABICS YOY,yoCans_ringAboveCans
syllabic,ya_ringAbove-cans,"ya-cans, ringAbove-cans",0x18C4,·£Ñ,CANADIAN SYLLABICS YAY,yaCans_ringAboveCans
syllabic,yo_dieresis-cans,"yo-cans, dieresis-cans",0x152C,·î¨,CANADIAN SYLLABICS Y-CREE YOO,yoCans_dieresisCans
syllabic,colon_ya-cans,"colon-cans, ya-cans",0x153D,·îΩ,CANADIAN SYLLABICS NASKAPI YWAA,colonCans_yaCans
syllabic,yeThe-cans,,0x15A7,·ñß,CANADIAN SYLLABICS TH-CREE THE,yeTheCans
syllabic,yiThi-cans,,0x15A8,·ñ®,CANADIAN SYLLABICS TH-CREE THI,yiThiCans
syllabic,yoTho-cans,,0x15AA,·ñ™,CANADIAN SYLLABICS TH-CREE THO,yoThoCans
syllabic,yaTha-cans,,0x15AC,·ñ¨,CANADIAN SYLLABICS TH-CREE THA,yaThaCans
syllabic,yiThi_dotAbove-cans,"yiThi-cans, dotAbove-cans",0x15A9,·ñ©,CANADIAN SYLLABICS TH-CREE THII,yiThiCans_dotAboveCans
syllabic,yoTho_dotAbove-cans,"yoTho-cans, dotAbove-cans",0x15AB,·ñ´,CANADIAN SYLLABICS TH-CREE THOO,yoThoCans_dotAboveCans
syllabic,yaTha_dotAbove-cans,"yaTha-cans, dotAbove-cans",0x15AD,·ñ≠,CANADIAN SYLLABICS TH-CREE THAA,yaThaCans_dotAboveCans
syllabic,yeThe_dot-cans,"yeThe-cans, dot-cans",0x1677,·ô∑,CANADIAN SYLLABICS WOODS-CREE THWEE,yeTheCans_dotCans
syllabic,yiThi_dot-cans,"yiThi-cans, dot-cans",0x1678,·ô∏,CANADIAN SYLLABICS WOODS-CREE THWI,yiThiCans_dotCans
syllabic,yiThi_dotAbove_dot-cans,"yiThi-cans, dotAbove-cans, dot-cans",0x1679,·ôπ,CANADIAN SYLLABICS WOODS-CREE THWII,yiThiCans_dotAboveCans_dotCans
syllabic,yoTho_dot-cans,"yoTho-cans, dot-cans",0x167A,·ô∫,CANADIAN SYLLABICS WOODS-CREE THWO,yoThoCans_dotCans
syllabic,yoTho_dotAbove_dot-cans,"yoTho-cans, dotAbove-cans, dot-cans",0x167B,·ôª,CANADIAN SYLLABICS WOODS-CREE THWOO,yoThoCans_dotAboveCans_dotCans
syllabic,yaTha_dot-cans,"yaTha-cans, dot-cans",0x167C,·ôº,CANADIAN SYLLABICS WOODS-CREE THWA,yaThaCans_dotCans
syllabic,yaTha_dotAbove_dot-cans,"yaTha-cans, dotAbove-cans, dot-cans",0x167D,·ôΩ,CANADIAN SYLLABICS WOODS-CREE THWAA,yaThaCans_dotAboveCans_dotCans
syllabic,spe-cans,,0x11ABC,ë™º,CANADIAN SYLLABICS SPE,speCans
syllabic,spi-cans,,0x11ABD,ë™Ω,CANADIAN SYLLABICS SPI,spiCans
syllabic,spo-cans,,0x11ABE,ë™æ,CANADIAN SYLLABICS SPO,spoCans
syllabic,spa-cans,,0x11ABF,ë™ø,CANADIAN SYLLABICS SPA,spaCans
syllabic,she-cans,,0x1510,·îê,CANADIAN SYLLABICS SHE,sheCans
syllabic,shi-cans,,0x1511,·îë,CANADIAN SYLLABICS SHI,shiCans
syllabic,sho-cans,,0x1513,·îì,CANADIAN SYLLABICS SHO,shoCans
syllabic,sha-cans,,0x1515,·îï,CANADIAN SYLLABICS SHA,shaCans
syllabic,shi_dotAbove-cans,"shi-cans, dotAbove-cans",0x1512,·îí,CANADIAN SYLLABICS SHII,shiCans_dotAboveCans
syllabic,sho_dotAbove-cans,"sho-cans, dotAbove-cans",0x1514,·îî,CANADIAN SYLLABICS SHOO,shoCans_dotAboveCans
syllabic,sha_dotAbove-cans,"sha-cans, dotAbove-cans",0x1516,·îñ,CANADIAN SYLLABICS SHAA,shaCans_dotAboveCans
syllabic,dot_she-cans,"dot-cans, she-cans",0x1517,·îó,CANADIAN SYLLABICS SHWE,dotCans_sheCans
syllabic,she_dot-cans,"she-cans, dot-cans",0x1518,·îò,CANADIAN SYLLABICS WEST-CREE SHWE,sheCans_dotCans
syllabic,dot_shi-cans,"dot-cans, shi-cans",0x1519,·îô,CANADIAN SYLLABICS SHWI,dotCans_shiCans
syllabic,shi_dot-cans,"shi-cans, dot-cans",0x151A,·îö,CANADIAN SYLLABICS WEST-CREE SHWI,shiCans_dotCans
syllabic,dot_shi_dotAbove-cans,"dot-cans, shi-cans, dotAbove-cans",0x151B,·îõ,CANADIAN SYLLABICS SHWII,dotCans_shiCans_dotAboveCans
syllabic,shi_dotAbove_dot-cans,"shi-cans, dotAbove-cans, dot-cans",0x151C,·îú,CANADIAN SYLLABICS WEST-CREE SHWII,shiCans_dotAboveCans_dotCans
syllabic,dot_sho-cans,"dot-cans, sho-cans",0x151D,·îù,CANADIAN SYLLABICS SHWO,dotCans_shoCans
syllabic,sho_dot-cans,"sho-cans, dot-cans",0x151E,·îû,CANADIAN SYLLABICS WEST-CREE SHWO,shoCans_dotCans
syllabic,dot_sho_dotAbove-cans,"dot-cans, sho-cans, dotAbove-cans",0x151F,·îü,CANADIAN SYLLABICS SHWOO,dotCans_shoCans_dotAboveCans
syllabic,sho_dotAbove_dot-cans,"sho-cans, dotAbove-cans, dot-cans",0x1520,·î†,CANADIAN SYLLABICS WEST-CREE SHWOO,shoCans_dotAboveCans_dotCans
syllabic,dot_sha-cans,"dot-cans, sha-cans",0x1521,·î°,CANADIAN SYLLABICS SHWA,dotCans_shaCans
syllabic,sha_dot-cans,"sha-cans, dot-cans",0x1522,·î¢,CANADIAN SYLLABICS WEST-CREE SHWA,shaCans_dotCans
syllabic,dot_sha_dotAbove-cans,"dot-cans, sha-cans, dotAbove-cans",0x1523,·î£,CANADIAN SYLLABICS SHWAA,dotCans_shaCans_dotAboveCans
syllabic,sha_dotAbove_dot-cans,"sha-cans, dotAbove-cans, dot-cans",0x1524,·î§,CANADIAN SYLLABICS WEST-CREE SHWAA,shaCans_dotAboveCans_dotCans
syllabic,sho_ringAbove-cans,"sho-cans, ringAbove-cans",0x18C0,·£Ä,CANADIAN SYLLABICS SHOY,shoCans_ringAboveCans
syllabic,sha_ringAbove-cans,"sha-cans, ringAbove-cans",0x18C1,·£Å,CANADIAN SYLLABICS SHAY,shaCans_ringAboveCans
syllabic,dot_sho_ringAbove-cans,"dot-cans, sho-cans, ringAbove-cans",0x18C2,·£Ç,CANADIAN SYLLABICS SHWOY,dotCans_shoCans_ringAboveCans
syllabic,blackfootE-cans,,0x15B0,·ñ∞,CANADIAN SYLLABICS BLACKFOOT E,blackfootECans
syllabic,blackfootI-cans,,0x15B1,·ñ±,CANADIAN SYLLABICS BLACKFOOT I,blackfootICans
syllabic,blackfootO-cans,,0x15B2,·ñ≤,CANADIAN SYLLABICS BLACKFOOT O,blackfootOCans
syllabic,blackfootA-cans,,0x15B3,·ñ≥,CANADIAN SYLLABICS BLACKFOOT A,blackfootACans
syllabic,blackfootWe-cans,,0x15B4,·ñ¥,CANADIAN SYLLABICS BLACKFOOT WE,blackfootWeCans
syllabic,blackfootWi-cans,,0x15B5,·ñµ,CANADIAN SYLLABICS BLACKFOOT WI,blackfootWiCans
syllabic,blackfootWo-cans,,0x15B6,·ñ∂,CANADIAN SYLLABICS BLACKFOOT WO,blackfootWoCans
syllabic,blackfootWa-cans,,0x15B7,·ñ∑,CANADIAN SYLLABICS BLACKFOOT WA,blackfootWaCans
syllabic,blackfootNe-cans,,0x15B8,·ñ∏,CANADIAN SYLLABICS BLACKFOOT NE,blackfootNeCans
syllabic,blackfootNi-cans,,0x15B9,·ñπ,CANADIAN SYLLABICS BLACKFOOT NI,blackfootNiCans
syllabic,blackfootNo-cans,,0x15BA,·ñ∫,CANADIAN SYLLABICS BLACKFOOT NO,blackfootNoCans
syllabic,blackfootNa-cans,,0x15BB,·ñª,CANADIAN SYLLABICS BLACKFOOT NA,blackfootNaCans
syllabic,blackfootKe-cans,,0x15BC,·ñº,CANADIAN SYLLABICS BLACKFOOT KE,blackfootKeCans
syllabic,blackfootKi-cans,,0x15BD,·ñΩ,CANADIAN SYLLABICS BLACKFOOT KI,blackfootKiCans
syllabic,blackfootKo-cans,,0x15BE,·ñæ,CANADIAN SYLLABICS BLACKFOOT KO,blackfootKoCans
syllabic,blackfootKa-cans,,0x15BF,·ñø,CANADIAN SYLLABICS BLACKFOOT KA,blackfootKaCans
syllabic,sayisiM-cans,,0x14BF,·íø,CANADIAN SYLLABICS SAYISI M,sayisiMCans
syllabic,sayisiShe-cans,,0x1597,·ñó,CANADIAN SYLLABICS SAYISI SHE,sayisiSheCans
syllabic,sayisiShi-cans,,0x1598,·ñò,CANADIAN SYLLABICS SAYISI SHI,sayisiShiCans
syllabic,sayisiShu-cans,,0x1599,·ñô,CANADIAN SYLLABICS SAYISI SHO,sayisiShuCans
syllabic,sayisiSha-cans,,0x159A,·ñö,CANADIAN SYLLABICS SAYISI SHA,sayisiShaCans
syllabic,sayisiHe-cans,,0x15C0,·óÄ,CANADIAN SYLLABICS SAYISI HE,sayisiHeCans
syllabic,sayisiHi-cans,,0x15C1,·óÅ,CANADIAN SYLLABICS SAYISI HI,sayisiHiCans
syllabic,sayisiHu-cans,,0x15C2,·óÇ,CANADIAN SYLLABICS SAYISI HO,sayisiHuCans
syllabic,sayisiHa-cans,,0x15C3,·óÉ,CANADIAN SYLLABICS SAYISI HA,sayisiHaCans
syllabic,sayisiJa-cans,,0x1614,·òî,CANADIAN SYLLABICS CARRIER JU,sayisiJaCans
syllabic,sayisiJu-cans,,0x1615,·òï,CANADIAN SYLLABICS SAYISI JU,sayisiJuCans
syllabic,sayisiJi-cans,,0x161A,·òö,CANADIAN SYLLABICS SAYISI JI,sayisiJiCans
syllabic,sayisiJe-cans,,0x161B,·òõ,CANADIAN SYLLABICS CARRIER JA,sayisiJeCans
syllabic,sayisiShe_dot-cans,"sayisiShe-cans, dot-cans",0x18EA,·£™,CANADIAN SYLLABICS SAYISI SHWE,sayisiSheCans_dotCans
syllabic,sayisiShu_dotAbove-cans,"sayisiShu-cans, dotAbove-cans",0x18EB,·£´,CANADIAN SYLLABICS SAYISI SHOO,sayisiShuCans_dotAboveCans
syllabic,sayisiHu_dotAbove-cans,"sayisiHu-cans, dotAbove-cans",0x18EC,·£¨,CANADIAN SYLLABICS SAYISI HOO,sayisiHuCans_dotAboveCans
syllabic,sayisiJu_dotAbove-cans,"sayisiJu-cans, dotAbove-cans",0x18F1,·£±,CANADIAN SYLLABICS SAYISI JUU,sayisiJuCans_dotAboveCans
syllabic,sayisiJe_dot-cans,"sayisiJe-cans, dot-cans",0x18F2,·£≤,CANADIAN SYLLABICS CARRIER JWA,sayisiJeCans_dotCans
syllabic,carrierEe-cans,,0x1408,·êà,CANADIAN SYLLABICS CARRIER EE,carrierEeCans
syllabic,carrierI-cans,,0x1409,·êâ,CANADIAN SYLLABICS CARRIER I,carrierICans
syllabic,carrierHee-cans,,0x1436,·ê∂,CANADIAN SYLLABICS CARRIER HEE,carrierHeeCans
syllabic,carrierHi-cans,,0x1437,·ê∑,CANADIAN SYLLABICS CARRIER HI,carrierHiCans
syllabic,carrierDee-cans,,0x1453,·ëì,CANADIAN SYLLABICS CARRIER DEE,carrierDeeCans
syllabic,carrierDi-cans,,0x1454,·ëî,CANADIAN SYLLABICS CARRIER DI,carrierDiCans
syllabic,carrierGhu-cans,,0x15C4,·óÑ,CANADIAN SYLLABICS CARRIER GHU,carrierGhuCans
syllabic,carrierGho-cans,,0x15C5,·óÖ,CANADIAN SYLLABICS CARRIER GHO,carrierGhoCans
syllabic,carrierGhe-cans,,0x15C6,·óÜ,CANADIAN SYLLABICS CARRIER GHE,carrierGheCans
syllabic,carrierGhee-cans,,0x15C7,·óá,CANADIAN SYLLABICS CARRIER GHEE,carrierGheeCans
syllabic,carrierGhi-cans,,0x15C8,·óà,CANADIAN SYLLABICS CARRIER GHI,carrierGhiCans
syllabic,carrierGha-cans,,0x15C9,·óâ,CANADIAN SYLLABICS CARRIER GHA,carrierGhaCans
syllabic,carrierRu-cans,,0x15CA,·óä,CANADIAN SYLLABICS CARRIER RU,carrierRuCans
syllabic,carrierRo-cans,,0x15CB,·óã,CANADIAN SYLLABICS CARRIER RO,carrierRoCans
syllabic,carrierRe-cans,,0x15CC,·óå,CANADIAN SYLLABICS CARRIER RE,carrierReCans
syllabic,carrierRee-cans,,0x15CD,·óç,CANADIAN SYLLABICS CARRIER REE,carrierReeCans
syllabic,carrierRi-cans,,0x15CE,·óé,CANADIAN SYLLABICS CARRIER RI,carrierRiCans
syllabic,carrierRa-cans,,0x15CF,·óè,CANADIAN SYLLABICS CARRIER RA,carrierRaCans
syllabic,carrierWu-cans,,0x15D0,·óê,CANADIAN SYLLABICS CARRIER WU,carrierWuCans
syllabic,carrierWo-cans,,0x15D1,·óë,CANADIAN SYLLABICS CARRIER WO,carrierWoCans
syllabic,carrierWe-cans,,0x15D2,·óí,CANADIAN SYLLABICS CARRIER WE,carrierWeCans
syllabic,carrierWee-cans,,0x15D3,·óì,CANADIAN SYLLABICS CARRIER WEE,carrierWeeCans
syllabic,carrierWi-cans,,0x15D4,·óî,CANADIAN SYLLABICS CARRIER WI,carrierWiCans
syllabic,carrierWa-cans,,0x15D5,·óï,CANADIAN SYLLABICS CARRIER WA,carrierWaCans
syllabic,carrierHwu-cans,,0x15D6,·óñ,CANADIAN SYLLABICS CARRIER HWU,carrierHwuCans
syllabic,carrierHwo-cans,,0x15D7,·óó,CANADIAN SYLLABICS CARRIER HWO,carrierHwoCans
syllabic,carrierHwe-cans,,0x15D8,·óò,CANADIAN SYLLABICS CARRIER HWE,carrierHweCans
syllabic,carrierHwee-cans,,0x15D9,·óô,CANADIAN SYLLABICS CARRIER HWEE,carrierHweeCans
syllabic,carrierHwi-cans,,0x15DA,·óö,CANADIAN SYLLABICS CARRIER HWI,carrierHwiCans
syllabic,carrierHwa-cans,,0x15DB,·óõ,CANADIAN SYLLABICS CARRIER HWA,carrierHwaCans
syllabic,carrierThu-cans,,0x15DC,·óú,CANADIAN SYLLABICS CARRIER THU,carrierThuCans
syllabic,carrierTho-cans,,0x15DD,·óù,CANADIAN SYLLABICS CARRIER THO,carrierThoCans
syllabic,carrierThe-cans,,0x15DE,·óû,CANADIAN SYLLABICS CARRIER THE,carrierTheCans
syllabic,carrierThee-cans,,0x15DF,·óü,CANADIAN SYLLABICS CARRIER THEE,carrierTheeCans
syllabic,carrierThi-cans,,0x15E0,·ó†,CANADIAN SYLLABICS CARRIER THI,carrierThiCans
syllabic,carrierTha-cans,,0x15E1,·ó°,CANADIAN SYLLABICS CARRIER THA,carrierThaCans
syllabic,carrierTtu-cans,,0x15E2,·ó¢,CANADIAN SYLLABICS CARRIER TTU,carrierTtuCans
syllabic,carrierTto-cans,,0x15E3,·ó£,CANADIAN SYLLABICS CARRIER TTO,carrierTtoCans
syllabic,carrierTte-cans,,0x15E4,·ó§,CANADIAN SYLLABICS CARRIER TTE,carrierTteCans
syllabic,carrierTtee-cans,,0x15E5,·ó•,CANADIAN SYLLABICS CARRIER TTEE,carrierTteeCans
syllabic,carrierTti-cans,,0x15E6,·ó¶,CANADIAN SYLLABICS CARRIER TTI,carrierTtiCans
syllabic,carrierTta-cans,,0x15E7,·óß,CANADIAN SYLLABICS CARRIER TTA,carrierTtaCans
syllabic,carrierPu-cans,,0x15E8,·ó®,CANADIAN SYLLABICS CARRIER PU,carrierPuCans
syllabic,carrierPo-cans,,0x15E9,·ó©,CANADIAN SYLLABICS CARRIER PO,carrierPoCans
syllabic,carrierPe-cans,,0x15EA,·ó™,CANADIAN SYLLABICS CARRIER PE,carrierPeCans
syllabic,carrierPee-cans,,0x15EB,·ó´,CANADIAN SYLLABICS CARRIER PEE,carrierPeeCans
syllabic,carrierPi-cans,,0x15EC,·ó¨,CANADIAN SYLLABICS CARRIER PI,carrierPiCans
syllabic,carrierPa-cans,,0x15ED,·ó≠,CANADIAN SYLLABICS CARRIER PA,carrierPaCans
syllabic,carrierGu-cans,,0x15EF,·óØ,CANADIAN SYLLABICS CARRIER GU,carrierGuCans
syllabic,carrierGo-cans,,0x15F0,·ó∞,CANADIAN SYLLABICS CARRIER GO,carrierGoCans
syllabic,carrierGe-cans,,0x15F1,·ó±,CANADIAN SYLLABICS CARRIER GE,carrierGeCans
syllabic,carrierGee-cans,,0x15F2,·ó≤,CANADIAN SYLLABICS CARRIER GEE,carrierGeeCans
syllabic,carrierGi-cans,,0x15F3,·ó≥,CANADIAN SYLLABICS CARRIER GI,carrierGiCans
syllabic,carrierGa-cans,,0x15F4,·ó¥,CANADIAN SYLLABICS CARRIER GA,carrierGaCans
syllabic,carrierKhu-cans,,0x15F5,·óµ,CANADIAN SYLLABICS CARRIER KHU,carrierKhuCans
syllabic,carrierKho-cans,,0x15F6,·ó∂,CANADIAN SYLLABICS CARRIER KHO,carrierKhoCans
syllabic,carrierKhe-cans,,0x15F7,·ó∑,CANADIAN SYLLABICS CARRIER KHE,carrierKheCans
syllabic,carrierKhee-cans,,0x15F8,·ó∏,CANADIAN SYLLABICS CARRIER KHEE,carrierKheeCans
syllabic,carrierKhi-cans,,0x15F9,·óπ,CANADIAN SYLLABICS CARRIER KHI,carrierKhiCans
syllabic,carrierKha-cans,,0x15FA,·ó∫,CANADIAN SYLLABICS CARRIER KHA,carrierKhaCans
syllabic,carrierKku-cans,,0x15FB,·óª,CANADIAN SYLLABICS CARRIER KKU,carrierKkuCans
syllabic,carrierKko-cans,,0x15FC,·óº,CANADIAN SYLLABICS CARRIER KKO,carrierKkoCans
syllabic,carrierKke-cans,,0x15FD,·óΩ,CANADIAN SYLLABICS CARRIER KKE,carrierKkeCans
syllabic,carrierKkee-cans,,0x15FE,·óæ,CANADIAN SYLLABICS CARRIER KKEE,carrierKkeeCans
syllabic,carrierKki-cans,,0x15FF,·óø,CANADIAN SYLLABICS CARRIER KKI,carrierKkiCans
syllabic,carrierKka-cans,,0x1600,·òÄ,CANADIAN SYLLABICS CARRIER KKA,carrierKkaCans
syllabic,carrierNu-cans,,0x1602,·òÇ,CANADIAN SYLLABICS CARRIER NU,carrierNuCans
syllabic,carrierNo-cans,,0x1603,·òÉ,CANADIAN SYLLABICS CARRIER NO,carrierNoCans
syllabic,carrierNe-cans,,0x1604,·òÑ,CANADIAN SYLLABICS CARRIER NE,carrierNeCans
syllabic,carrierNee-cans,,0x1605,·òÖ,CANADIAN SYLLABICS CARRIER NEE,carrierNeeCans
syllabic,carrierNi-cans,,0x1606,·òÜ,CANADIAN SYLLABICS CARRIER NI,carrierNiCans
syllabic,carrierNa-cans,,0x1607,·òá,CANADIAN SYLLABICS CARRIER NA,carrierNaCans
syllabic,carrierMu-cans,,0x1608,·òà,CANADIAN SYLLABICS CARRIER MU,carrierMuCans
syllabic,carrierMo-cans,,0x1609,·òâ,CANADIAN SYLLABICS CARRIER MO,carrierMoCans
syllabic,carrierMe-cans,,0x160A,·òä,CANADIAN SYLLABICS CARRIER ME,carrierMeCans
syllabic,carrierMee-cans,,0x160B,·òã,CANADIAN SYLLABICS CARRIER MEE,carrierMeeCans
syllabic,carrierMi-cans,,0x160C,·òå,CANADIAN SYLLABICS CARRIER MI,carrierMiCans
syllabic,carrierMa-cans,,0x160D,·òç,CANADIAN SYLLABICS CARRIER MA,carrierMaCans
syllabic,carrierYu-cans,,0x160E,·òé,CANADIAN SYLLABICS CARRIER YU,carrierYuCans
syllabic,carrierYo-cans,,0x160F,·òè,CANADIAN SYLLABICS CARRIER YO,carrierYoCans
syllabic,carrierYe-cans,,0x1610,·òê,CANADIAN SYLLABICS CARRIER YE,carrierYeCans
syllabic,carrierYee-cans,,0x1611,·òë,CANADIAN SYLLABICS CARRIER YEE,carrierYeeCans
syllabic,carrierYi-cans,,0x1612,·òí,CANADIAN SYLLABICS CARRIER YI,carrierYiCans
syllabic,carrierYa-cans,,0x1613,·òì,CANADIAN SYLLABICS CARRIER YA,carrierYaCans
syllabic,carrierJo-cans,,0x1616,·òñ,CANADIAN SYLLABICS CARRIER JO,carrierJoCans
syllabic,carrierJe-cans,,0x1617,·òó,CANADIAN SYLLABICS CARRIER JE,carrierJeCans
syllabic,carrierJee-cans,,0x1618,·òò,CANADIAN SYLLABICS CARRIER JEE,carrierJeeCans
syllabic,carrierJi-cans,,0x1619,·òô,CANADIAN SYLLABICS CARRIER JI,carrierJiCans
syllabic,carrierJju-cans,,0x161C,·òú,CANADIAN SYLLABICS CARRIER JJU,carrierJjuCans
syllabic,carrierJjo-cans,,0x161D,·òù,CANADIAN SYLLABICS CARRIER JJO,carrierJjoCans
syllabic,carrierJje-cans,,0x161E,·òû,CANADIAN SYLLABICS CARRIER JJE,carrierJjeCans
syllabic,carrierJjee-cans,,0x161F,·òü,CANADIAN SYLLABICS CARRIER JJEE,carrierJjeeCans
syllabic,carrierJji-cans,,0x1620,·ò†,CANADIAN SYLLABICS CARRIER JJI,carrierJjiCans
syllabic,carrierJja-cans,,0x1621,·ò°,CANADIAN SYLLABICS CARRIER JJA,carrierJjaCans
syllabic,carrierLu-cans,,0x1622,·ò¢,CANADIAN SYLLABICS CARRIER LU,carrierLuCans
syllabic,carrierLo-cans,,0x1623,·ò£,CANADIAN SYLLABICS CARRIER LO,carrierLoCans
syllabic,carrierLe-cans,,0x1624,·ò§,CANADIAN SYLLABICS CARRIER LE,carrierLeCans
syllabic,carrierLee-cans,,0x1625,·ò•,CANADIAN SYLLABICS CARRIER LEE,carrierLeeCans
syllabic,carrierLi-cans,,0x1626,·ò¶,CANADIAN SYLLABICS CARRIER LI,carrierLiCans
syllabic,carrierLa-cans,,0x1627,·òß,CANADIAN SYLLABICS CARRIER LA,carrierLaCans
syllabic,carrierDlu-cans,,0x1628,·ò®,CANADIAN SYLLABICS CARRIER DLU,carrierDluCans
syllabic,carrierDlo-cans,,0x1629,·ò©,CANADIAN SYLLABICS CARRIER DLO,carrierDloCans
syllabic,carrierDle-cans,,0x162A,·ò™,CANADIAN SYLLABICS CARRIER DLE,carrierDleCans
syllabic,carrierDlee-cans,,0x162B,·ò´,CANADIAN SYLLABICS CARRIER DLEE,carrierDleeCans
syllabic,carrierDli-cans,,0x162C,·ò¨,CANADIAN SYLLABICS CARRIER DLI,carrierDliCans
syllabic,carrierDla-cans,,0x162D,·ò≠,CANADIAN SYLLABICS CARRIER DLA,carrierDlaCans
syllabic,carrierLhu-cans,,0x162E,·òÆ,CANADIAN SYLLABICS CARRIER LHU,carrierLhuCans
syllabic,carrierLho-cans,,0x162F,·òØ,CANADIAN SYLLABICS CARRIER LHO,carrierLhoCans
syllabic,carrierLhe-cans,,0x1630,·ò∞,CANADIAN SYLLABICS CARRIER LHE,carrierLheCans
syllabic,carrierLhee-cans,,0x1631,·ò±,CANADIAN SYLLABICS CARRIER LHEE,carrierLheeCans
syllabic,carrierLhi-cans,,0x1632,·ò≤,CANADIAN SYLLABICS CARRIER LHI,carrierLhiCans
syllabic,carrierLha-cans,,0x1633,·ò≥,CANADIAN SYLLABICS CARRIER LHA,carrierLhaCans
syllabic,carrierTlhu-cans,,0x1634,·ò¥,CANADIAN SYLLABICS CARRIER TLHU,carrierTlhuCans
syllabic,carrierTlho-cans,,0x1635,·òµ,CANADIAN SYLLABICS CARRIER TLHO,carrierTlhoCans
syllabic,carrierTlhe-cans,,0x1636,·ò∂,CANADIAN SYLLABICS CARRIER TLHE,carrierTlheCans
syllabic,carrierTlhee-cans,,0x1637,·ò∑,CANADIAN SYLLABICS CARRIER TLHEE,carrierTlheeCans
syllabic,carrierTlhi-cans,,0x1638,·ò∏,CANADIAN SYLLABICS CARRIER TLHI,carrierTlhiCans
syllabic,carrierTlha-cans,,0x1639,·òπ,CANADIAN SYLLABICS CARRIER TLHA,carrierTlhaCans
syllabic,carrierTlu-cans,,0x163A,·ò∫,CANADIAN SYLLABICS CARRIER TLU,carrierTluCans
syllabic,carrierTlo-cans,,0x163B,·òª,CANADIAN SYLLABICS CARRIER TLO,carrierTloCans
syllabic,carrierTle-cans,,0x163C,·òº,CANADIAN SYLLABICS CARRIER TLE,carrierTleCans
syllabic,carrierTlee-cans,,0x163D,·òΩ,CANADIAN SYLLABICS CARRIER TLEE,carrierTleeCans
syllabic,carrierTli-cans,,0x163E,·òæ,CANADIAN SYLLABICS CARRIER TLI,carrierTliCans
syllabic,carrierTla-cans,,0x163F,·òø,CANADIAN SYLLABICS CARRIER TLA,carrierTlaCans
syllabic,carrierZu-cans,,0x1640,·ôÄ,CANADIAN SYLLABICS CARRIER ZU,carrierZuCans
syllabic,carrierZo-cans,,0x1641,·ôÅ,CANADIAN SYLLABICS CARRIER ZO,carrierZoCans
syllabic,carrierZe-cans,,0x1642,·ôÇ,CANADIAN SYLLABICS CARRIER ZE,carrierZeCans
syllabic,carrierZee-cans,,0x1643,·ôÉ,CANADIAN SYLLABICS CARRIER ZEE,carrierZeeCans
syllabic,carrierZi-cans,,0x1644,·ôÑ,CANADIAN SYLLABICS CARRIER ZI,carrierZiCans
syllabic,carrierZa-cans,,0x1645,·ôÖ,CANADIAN SYLLABICS CARRIER ZA,carrierZaCans
syllabic,carrierDzu-cans,,0x1648,·ôà,CANADIAN SYLLABICS CARRIER DZU,carrierDzuCans
syllabic,carrierDzo-cans,,0x1649,·ôâ,CANADIAN SYLLABICS CARRIER DZO,carrierDzoCans
syllabic,carrierDze-cans,,0x164A,·ôä,CANADIAN SYLLABICS CARRIER DZE,carrierDzeCans
syllabic,carrierDzee-cans,,0x164B,·ôã,CANADIAN SYLLABICS CARRIER DZEE,carrierDzeeCans
syllabic,carrierDzi-cans,,0x164C,·ôå,CANADIAN SYLLABICS CARRIER DZI,carrierDziCans
syllabic,carrierDza-cans,,0x164D,·ôç,CANADIAN SYLLABICS CARRIER DZA,carrierDzaCans
syllabic,carrierSu-cans,,0x164E,·ôé,CANADIAN SYLLABICS CARRIER SU,carrierSuCans
syllabic,carrierSo-cans,,0x164F,·ôè,CANADIAN SYLLABICS CARRIER SO,carrierSoCans
syllabic,carrierSe-cans,,0x1650,·ôê,CANADIAN SYLLABICS CARRIER SE,carrierSeCans
syllabic,carrierSee-cans,,0x1651,·ôë,CANADIAN SYLLABICS CARRIER SEE,carrierSeeCans
syllabic,carrierSi-cans,,0x1652,·ôí,CANADIAN SYLLABICS CARRIER SI,carrierSiCans
syllabic,carrierSa-cans,,0x1653,·ôì,CANADIAN SYLLABICS CARRIER SA,carrierSaCans
syllabic,carrierShu-cans,,0x1654,·ôî,CANADIAN SYLLABICS CARRIER SHU,carrierShuCans
syllabic,carrierSho-cans,,0x1655,·ôï,CANADIAN SYLLABICS CARRIER SHO,carrierShoCans
syllabic,carrierShe-cans,,0x1656,·ôñ,CANADIAN SYLLABICS CARRIER SHE,carrierSheCans
syllabic,carrierShee-cans,,0x1657,·ôó,CANADIAN SYLLABICS CARRIER SHEE,carrierSheeCans
syllabic,carrierShi-cans,,0x1658,·ôò,CANADIAN SYLLABICS CARRIER SHI,carrierShiCans
syllabic,carrierSha-cans,,0x1659,·ôô,CANADIAN SYLLABICS CARRIER SHA,carrierShaCans
syllabic,carrierTsu-cans,,0x165B,·ôõ,CANADIAN SYLLABICS CARRIER TSU,carrierTsuCans
syllabic,carrierTso-cans,,0x165C,·ôú,CANADIAN SYLLABICS CARRIER TSO,carrierTsoCans
syllabic,carrierTse-cans,,0x165D,·ôù,CANADIAN SYLLABICS CARRIER TSE,carrierTseCans
syllabic,carrierTsee-cans,,0x165E,·ôû,CANADIAN SYLLABICS CARRIER TSEE,carrierTseeCans
syllabic,carrierTsi-cans,,0x165F,·ôü,CANADIAN SYLLABICS CARRIER TSI,carrierTsiCans
syllabic,carrierTsa-cans,,0x1660,·ô†,CANADIAN SYLLABICS CARRIER TSA,carrierTsaCans
syllabic,carrierChu-cans,,0x1661,·ô°,CANADIAN SYLLABICS CARRIER CHU,carrierChuCans
syllabic,carrierCho-cans,,0x1662,·ô¢,CANADIAN SYLLABICS CARRIER CHO,carrierChoCans
syllabic,carrierChe-cans,,0x1663,·ô£,CANADIAN SYLLABICS CARRIER CHE,carrierCheCans
syllabic,carrierChee-cans,,0x1664,·ô§,CANADIAN SYLLABICS CARRIER CHEE,carrierCheeCans
syllabic,carrierChi-cans,,0x1665,·ô•,CANADIAN SYLLABICS CARRIER CHI,carrierChiCans
syllabic,carrierCha-cans,,0x1666,·ô¶,CANADIAN SYLLABICS CARRIER CHA,carrierChaCans
syllabic,carrierTtsu-cans,,0x1667,·ôß,CANADIAN SYLLABICS CARRIER TTSU,carrierTtsuCans
syllabic,carrierTtso-cans,,0x1668,·ô®,CANADIAN SYLLABICS CARRIER TTSO,carrierTtsoCans
syllabic,carrierTtse-cans,,0x1669,·ô©,CANADIAN SYLLABICS CARRIER TTSE,carrierTtseCans
syllabic,carrierTtsee-cans,,0x166A,·ô™,CANADIAN SYLLABICS CARRIER TTSEE,carrierTtseeCans
syllabic,carrierTtsi-cans,,0x166B,·ô´,CANADIAN SYLLABICS CARRIER TTSI,carrierTtsiCans
syllabic,carrierTtsa-cans,,0x166C,·ô¨,CANADIAN SYLLABICS CARRIER TTSA,carrierTtsaCans
syllabic,carrierGu_dot-cans,"carrierGu-cans, dot-cans",0x18ED,·£≠,CANADIAN SYLLABICS CARRIER GWU,carrierGuCans_dotCans
syllabic,carrierGe_dotAbove-cans,"carrierGe-cans, dotAbove-cans",0x18EE,·£Æ,CANADIAN SYLLABICS CARRIER DENE GEE,carrierGeCans_dotAboveCans
syllabic,carrierGa_dotAbove-cans,"carrierGa-cans, dotAbove-cans",0x18EF,·£Ø,CANADIAN SYLLABICS CARRIER GAA,carrierGaCans_dotAboveCans
syllabic,carrierGa_dot-cans,"carrierGa-cans, dot-cans",0x18F0,·£∞,CANADIAN SYLLABICS CARRIER GWA,carrierGaCans_dotCans
